[2016.02.13-13.42.41:041][  0]Log file open, 02/13/16 22:42:41
[2016.02.13-13.42.41:041][  0]LogInit:Display: Running engine for game: DJYamabiko
[2016.02.13-13.42.41:041][  0]LogPlatformFile: Not using cached read wrapper
[2016.02.13-13.42.41:041][  0]LogInit:Display: RandInit(-1770398925) SRandInit(-1770398922).
[2016.02.13-13.42.41:041][  0]LogTaskGraph: Started task graph with 4 named threads and 5 total threads.
[2016.02.13-13.42.41:041][  0]LogStats: Stats thread started at 0.057609
[2016.02.13-13.42.41:041][  0]LogInit: Version: 4.10.2-2818068+++depot+UE4-Releases+4.10
[2016.02.13-13.42.41:041][  0]LogInit: API Version: 2758231
[2016.02.13-13.42.41:041][  0]LogInit: Compiled (64-bit): Jan  6 2016 17:36:42
[2016.02.13-13.42.41:041][  0]LogInit: Compiled with Visual C++: 19.00.23026.00
[2016.02.13-13.42.41:041][  0]LogInit: Build Configuration: Development
[2016.02.13-13.42.41:041][  0]LogInit: Branch Name: ++depot+UE4-Releases+4.10
[2016.02.13-13.42.41:041][  0]LogInit: Command line: 
[2016.02.13-13.42.41:041][  0]LogInit: Base directory: C:/Program Files (x86)/Epic Games/4.10/Engine/Binaries/Win64/
[2016.02.13-13.42.41:041][  0]LogInit: Rocket: 1
[2016.02.13-13.42.41:048][  0]LogInit: Using libcurl 7.41.0
[2016.02.13-13.42.41:048][  0]LogInit:  - built for x86_64-pc-win32
[2016.02.13-13.42.41:048][  0]LogInit:  - supports SSL with WinSSL
[2016.02.13-13.42.41:048][  0]LogInit:  - other features:
[2016.02.13-13.42.41:048][  0]LogInit:      CURL_VERSION_SSL
[2016.02.13-13.42.41:048][  0]LogInit:      CURL_VERSION_IPV6
[2016.02.13-13.42.41:048][  0]LogInit:      CURL_VERSION_ASYNCHDNS
[2016.02.13-13.42.41:048][  0]LogInit:      CURL_VERSION_LARGEFILE
[2016.02.13-13.42.41:048][  0]LogInit:      CURL_VERSION_IDN
[2016.02.13-13.42.41:048][  0]LogInit:  CurlRequestOptions (configurable via config and command line):
[2016.02.13-13.42.41:048][  0]LogInit:  - bVerifyPeer = true  - Libcurl will verify peer certificate
[2016.02.13-13.42.41:048][  0]LogInit:  - bUseHttpProxy = false  - Libcurl will NOT use HTTP proxy
[2016.02.13-13.42.41:048][  0]LogInit:  - bDontReuseConnections = false  - Libcurl will reuse connections
[2016.02.13-13.42.41:048][  0]LogInit:  - CertBundlePath = nullptr  - Libcurl will use whatever was configured at build time.
[2016.02.13-13.42.41:055][  0]LogInit: Presizing for 0 objects not considered by GC, pre-allocating 0 bytes.
[2016.02.13-13.42.41:063][  0]LogInit: Object subsystem initialized
[2016.02.13-13.42.41:064][  0]LogInit: Selected Device Profile: [Windows]
[2016.02.13-13.42.41:064][  0]LogInit: Applying CVar settings loaded from the selected device profile: [Windows]
[2016.02.13-13.42.41:079][  0]LogInit: Computer: DESKTOP-6H4BEHG
[2016.02.13-13.42.41:079][  0]LogInit: User: kotaoue
[2016.02.13-13.42.41:079][  0]LogInit: CPU Page size=4096, Cores=2
[2016.02.13-13.42.41:079][  0]LogInit: High frequency timer resolution =2.742184 MHz
[2016.02.13-13.42.41:079][  0]LogMemory: Memory total: Physical=7.9GB (8GB approx)
[2016.02.13-13.42.41:079][  0]LogMemory: Platform Memory Stats for Windows
[2016.02.13-13.42.41:079][  0]LogMemory: Process Physical Memory: 56.02 MB used, 56.02 MB peak
[2016.02.13-13.42.41:079][  0]LogMemory: Process Virtual Memory: 57.66 MB used, 57.66 MB peak
[2016.02.13-13.42.41:079][  0]LogMemory: Physical Memory: 3691.73 MB used, 8115.96 MB total
[2016.02.13-13.42.41:079][  0]LogMemory: Virtual Memory: 382.40 MB used, 134217728.00 MB total
[2016.02.13-13.42.41:108][  0]LogTextLocalizationManager: No specific translations for ('ja-JP') exist, so ('ja') translations will be used.
[2016.02.13-13.42.41:202][  0]LogTextLocalizationManager:Warning: Loaded localization resources contain conflicting entries for (Namespace:K2Node, Key:false):
Localization Resource: (C:/Program Files (x86)/Epic Games/4.10/Engine/Content/Localization/EditorTutorials/ja/EditorTutorials.locres) Source String Hash: (816077464) Localized String: (偽)
Localization Resource: (C:/Program Files (x86)/Epic Games/4.10/Engine/Content/Localization/Engine/ja/Engine.locres) Source String Hash: (816077464) Localized String: (false)
[2016.02.13-13.42.41:202][  0]LogTextLocalizationManager:Warning: Loaded localization resources contain conflicting entries for (Namespace:K2Node, Key:true):
Localization Resource: (C:/Program Files (x86)/Epic Games/4.10/Engine/Content/Localization/EditorTutorials/ja/EditorTutorials.locres) Source String Hash: (-942328987) Localized String: (真)
Localization Resource: (C:/Program Files (x86)/Epic Games/4.10/Engine/Content/Localization/Engine/ja/Engine.locres) Source String Hash: (-942328987) Localized String: (true)
[2016.02.13-13.42.41:203][  0]LogTextLocalizationManager:Warning: Loaded localization resources contain conflicting entries for (Namespace:UObjectToolTips, Key:AnimNode_BlendSpacePlayer:bLoop):
Localization Resource: (C:/Program Files (x86)/Epic Games/4.10/Engine/Content/Localization/EditorTutorials/ja/EditorTutorials.locres) Source String Hash: (2133979316) Localized String: (再生が最後まで終わった後、ロープ再生するようにしますか？)
Localization Resource: (C:/Program Files (x86)/Epic Games/4.10/Engine/Content/Localization/ToolTips/ja/ToolTips.locres) Source String Hash: (2133979316) Localized String: (ループが最後まで到達した時に、アニメーションのループを継続するべきか？)
[2016.02.13-13.42.41:203][  0]LogTextLocalizationManager:Warning: Loaded localization resources contain conflicting entries for (Namespace:UObjectToolTips, Key:AnimNode_BlendSpacePlayer:X):
Localization Resource: (C:/Program Files (x86)/Epic Games/4.10/Engine/Content/Localization/EditorTutorials/ja/EditorTutorials.locres) Source String Hash: (2060772590) Localized String: (ブレンドスペースで値を取得するX座標)
Localization Resource: (C:/Program Files (x86)/Epic Games/4.10/Engine/Content/Localization/ToolTips/ja/ToolTips.locres) Source String Hash: (2060772590) Localized String: (ブレンドスペースでサンプリングするX座標)
[2016.02.13-13.42.41:203][  0]LogTextLocalizationManager:Warning: Loaded localization resources contain conflicting entries for (Namespace:UObjectToolTips, Key:AnimNode_BlendSpacePlayer:Y):
Localization Resource: (C:/Program Files (x86)/Epic Games/4.10/Engine/Content/Localization/EditorTutorials/ja/EditorTutorials.locres) Source String Hash: (-1719607538) Localized String: (ブレンドスペースで値を取得するY座標)
Localization Resource: (C:/Program Files (x86)/Epic Games/4.10/Engine/Content/Localization/ToolTips/ja/ToolTips.locres) Source String Hash: (-1719607538) Localized String: (ブレンドスペースでサンプリングするY座標)
[2016.02.13-13.42.41:203][  0]LogTextLocalizationManager:Warning: Loaded localization resources contain conflicting entries for (Namespace:UObjectToolTips, Key:AnimNode_BlendSpacePlayer:Z):
Localization Resource: (C:/Program Files (x86)/Epic Games/4.10/Engine/Content/Localization/EditorTutorials/ja/EditorTutorials.locres) Source String Hash: (1728943471) Localized String: (ブレンドスペースで値を取得するZ座標)
Localization Resource: (C:/Program Files (x86)/Epic Games/4.10/Engine/Content/Localization/ToolTips/ja/ToolTips.locres) Source String Hash: (1728943471) Localized String: (ブレンドスペースでサンプリングするZ座標)
[2016.02.13-13.42.41:203][  0]LogTextLocalizationManager:Warning: Loaded localization resources contain conflicting entries for (Namespace:UObjectToolTips, Key:AnimNode_BlendSpacePlayer:BlendSpace):
Localization Resource: (C:/Program Files (x86)/Epic Games/4.10/Engine/Content/Localization/EditorTutorials/ja/EditorTutorials.locres) Source String Hash: (1599043277) Localized String: (再生するブレンドスペースのアセット)
Localization Resource: (C:/Program Files (x86)/Epic Games/4.10/Engine/Content/Localization/ToolTips/ja/ToolTips.locres) Source String Hash: (1599043277) Localized String: (再生するブレンド空間アセット)
[2016.02.13-13.42.41:203][  0]LogTextLocalizationManager:Warning: Loaded localization resources contain conflicting entries for (Namespace:UObjectToolTips, Key:AnimNode_StateMachine:MaxTransitionsPerFrame):
Localization Resource: (C:/Program Files (x86)/Epic Games/4.10/Engine/Content/Localization/EditorTutorials/ja/EditorTutorials.locres) Source String Hash: (1567650430) Localized String: (このマシーンで1フレームあたりに同時に処理できるトランジションの最大数)
Localization Resource: (C:/Program Files (x86)/Epic Games/4.10/Engine/Content/Localization/ToolTips/ja/ToolTips.locres) Source String Hash: (1567650430) Localized String: (単一フレームでマシーンが「同時」に受け取れる遷移の最大数)
[2016.02.13-13.42.41:203][  0]LogTextLocalizationManager:Warning: Loaded localization resources contain conflicting entries for (Namespace:UObjectToolTips, Key:AnimNode_BlendSpacePlayer:PlayRate):
Localization Resource: (C:/Program Files (x86)/Epic Games/4.10/Engine/Content/Localization/EditorTutorials/ja/EditorTutorials.locres) Source String Hash: (-1274923958) Localized String: (再生速度の倍率です。負の数値も使う事ができます。その場合逆再生になります。)
Localization Resource: (C:/Program Files (x86)/Epic Games/4.10/Engine/Content/Localization/ToolTips/ja/ToolTips.locres) Source String Hash: (-1274923958) Localized String: (再生レート乗数。アニメーションを逆再生する負の値にすることができます。)
[2016.02.13-13.42.41:438][  0]LogD3D11RHI: Found D3D11 adapter 0: NVIDIA GeForce GPU (Feature Level 11_0)
[2016.02.13-13.42.41:438][  0]LogD3D11RHI: Adapter has 975MB of dedicated video memory, 0MB of dedicated system memory, and 4057MB of shared system memory, 1 output[s]
[2016.02.13-13.42.41:445][  0]LogD3D11RHI: Found D3D11 adapter 1: Intel(R) HD Graphics 520 (Feature Level 11_0)
[2016.02.13-13.42.41:445][  0]LogD3D11RHI: Adapter has 128MB of dedicated video memory, 0MB of dedicated system memory, and 4057MB of shared system memory, 0 output[s]
[2016.02.13-13.42.41:447][  0]LogD3D11RHI: Found D3D11 adapter 2: Microsoft Basic Render Driver (Feature Level 11_0)
[2016.02.13-13.42.41:447][  0]LogD3D11RHI: Adapter has 0MB of dedicated video memory, 0MB of dedicated system memory, and 4057MB of shared system memory, 0 output[s]
[2016.02.13-13.42.41:447][  0]LogD3D11RHI: Chosen D3D11 Adapter Id = 0
[2016.02.13-13.42.41:451][  0]LogD3D11RHI: !Direct3DDevice
[2016.02.13-13.42.41:451][  0]LogRHI: Texture pool is 683 MB (70% of 975 MB)
[2016.02.13-13.42.41:468][  0]LogD3D11RHI: Async texture creation enabled
[2016.02.13-13.42.41:480][  0]LogShaderCompilers: Guid format shader working directory is -20 characters bigger than the processId version (../../../../../../Users/kotaoue/Documents/Unreal Projects/DJYamabiko/Intermediate/Shaders/WorkingDirectory/3784/).
[2016.02.13-13.42.41:480][  0]LogShaderCompilers: Cleaned the shader compiler working directory 'C:/Users/kotaoue/AppData/Local/Temp/UnrealShaderWorkingDir/C692CAA74C1B9B860D85C784D0E2FD61/'.
[2016.02.13-13.42.41:480][  0]LogShaderCompilers:Display: Using Local Shader Compiler.
[2016.02.13-13.42.42:355][  0]LogTemp:Display: Loaded TP AllDesktopTargetPlatform
[2016.02.13-13.42.42:361][  0]LogTemp:Display: Loaded TP WindowsClientTargetPlatform
[2016.02.13-13.42.42:367][  0]LogTemp:Display: Loaded TP WindowsNoEditorTargetPlatform
[2016.02.13-13.42.42:372][  0]LogTemp:Display: Loaded TP WindowsServerTargetPlatform
[2016.02.13-13.42.42:375][  0]LogTemp:Display: Loaded TP WindowsTargetPlatform
[2016.02.13-13.42.42:378][  0]LogTemp:Display: Loaded TP AndroidTargetPlatform
[2016.02.13-13.42.42:381][  0]LogTemp:Display: Loaded TP Android_ASTCTargetPlatform
[2016.02.13-13.42.42:384][  0]LogTemp:Display: Loaded TP Android_ATCTargetPlatform
[2016.02.13-13.42.42:387][  0]LogTemp:Display: Loaded TP Android_DXTTargetPlatform
[2016.02.13-13.42.42:390][  0]LogTemp:Display: Loaded TP Android_ETC1TargetPlatform
[2016.02.13-13.42.42:393][  0]LogTemp:Display: Loaded TP Android_ETC2TargetPlatform
[2016.02.13-13.42.42:399][  0]LogTemp:Display: Loaded TP Android_MultiTargetPlatform
[2016.02.13-13.42.42:399][  0]LogTemp:Display: Loaded TP Android_PVRTCTargetPlatform
[2016.02.13-13.42.42:400][  0]LogTemp:Display: Loaded TP HTML5TargetPlatform
[2016.02.13-13.42.42:417][  0]LogTemp:Display: Loaded TP IOSTargetPlatform
[2016.02.13-13.42.42:419][  0]LogTemp:Display: Loaded TP LinuxNoEditorTargetPlatform
[2016.02.13-13.42.42:422][  0]LogTemp:Display: Loaded TP LinuxServerTargetPlatform
[2016.02.13-13.42.42:426][  0]LogTemp:Display: Loaded TP LinuxTargetPlatform
[2016.02.13-13.42.42:426][  0]LogTargetPlatformManager:Display: Building Assets For Windows
[2016.02.13-13.42.42:484][  0]LogDerivedDataCache:Display: Max Cache Size: 512 MB
[2016.02.13-13.42.42:529][  0]LogDerivedDataCache: Loaded boot cache 0.04s 41MB C:/Users/kotaoue/AppData/Local/UnrealEngine/4.10/DerivedDataCache/Boot.ddc.
[2016.02.13-13.42.42:529][  0]LogDerivedDataCache:Display: Loaded Boot cache: C:/Users/kotaoue/AppData/Local/UnrealEngine/4.10/DerivedDataCache/Boot.ddc
[2016.02.13-13.42.42:529][  0]LogDerivedDataCache: FDerivedDataBackendGraph:  Pak pak cache file ../../../../../../Users/kotaoue/Documents/Unreal Projects/DJYamabiko/DerivedDataCache/DDC.ddp not found, will not use a pak cache.
[2016.02.13-13.42.42:529][  0]LogDerivedDataCache: Unable to find inner node Pak for hierarchical cache Hierarchy.
[2016.02.13-13.42.42:529][  0]LogDerivedDataCache: FDerivedDataBackendGraph:  CompressedPak pak cache file ../../../../../../Users/kotaoue/Documents/Unreal Projects/DJYamabiko/DerivedDataCache/Compressed.ddp not found, will not use a pak cache.
[2016.02.13-13.42.42:529][  0]LogDerivedDataCache: Unable to find inner node CompressedPak for hierarchical cache Hierarchy.
[2016.02.13-13.42.42:588][  0]LogDerivedDataCache:Display: Pak cache opened for reading ../../../Engine/DerivedDataCache/Compressed.ddp.
[2016.02.13-13.42.42:600][  0]LogDerivedDataCache: Using Local data cache path C:/Users/kotaoue/AppData/Local/UnrealEngine/Common/DerivedDataCache: Writable
[2016.02.13-13.42.42:785][  0]LogInit: Selected Device Profile: [Windows]
[2016.02.13-13.42.42:787][  0]LogContentStreaming: Texture pool size is 0.000000MB
[2016.02.13-13.42.42:893][  0]LogMeshUtilities: No automatic mesh reduction module available
[2016.02.13-13.42.42:893][  0]LogMeshUtilities: No automatic mesh merging module available
[2016.02.13-13.42.43:101][  0]LogInit: WinSock: version 1.1 (2.2), MaxSocks=32767, MaxUdp=65467
[2016.02.13-13.42.43:745][  0]UdpMessaging: Initializing bridge on interface 0.0.0.0:0 to multicast group 230.0.0.1:6666.
[2016.02.13-13.42.43:839][  0]LogAssetRegistry: FAssetRegistry took 0.0115 seconds to start up
[2016.02.13-13.42.43:996][  0]SourceControl: 情報 ソースコントロールは無効です
[2016.02.13-13.42.43:997][  0]SourceControl: 情報 ソースコントロールは無効です
[2016.02.13-13.42.44:006][  0]SourceControl: 情報 ソースコントロールは無効です
[2016.02.13-13.42.44:015][  0]SourceControl: 情報 ソースコントロールは無効です
[2016.02.13-13.42.44:205][  0]LogObj: 28633 objects as part of root set at end of initial load.
[2016.02.13-13.42.44:205][  0]LogUObjectAllocator: 6099752 out of 0 bytes used by permanent object pool.
[2016.02.13-13.42.44:259][  0]LogEngine: Initializing Engine...
[2016.02.13-13.42.44:261][  0]LogHMD: Can't find Oculus library dev build: is proper Runtime installed? Version: 0.8.0.0
[2016.02.13-13.42.44:261][  0]LogHMD: SteamVR failed to initialize.  Err: 110
[2016.02.13-13.42.44:383][  0]LogAIModule: Creating AISystem for world NewWorld
[2016.02.13-13.42.44:386][  0]LogInit: XAudio2 using 'スピーカー (Realtek High Definition Audio(SST))' : 2 channels at 48 kHz using 32 bits per sample (channel mask 0x3)
[2016.02.13-13.42.44:460][  0]LogInit: FAudioDevice initialized.
[2016.02.13-13.42.44:480][  0]LogDerivedDataCache: Saved boot cache 0.02s 41MB C:/Users/kotaoue/AppData/Local/UnrealEngine/4.10/DerivedDataCache/Boot.ddc.
[2016.02.13-13.42.44:484][  0]LogInit: Texture streaming: Enabled
[2016.02.13-13.42.44:489][  0]LogAnalytics: Creating configured Analytics provider AnalyticsET
[2016.02.13-13.42.44:489][  0]LogAnalytics: [UEEditor.Rocket.Release] APIServer = http://et2.epicgames.com/ET2/. AppVersion = 4.10.2-2818068+++depot+UE4-Releases+4.10
[2016.02.13-13.42.44:489][  0]LogAnalytics: [UEEditor.Rocket.Release] SetUserId e6a45628499ebad7e50ee59e90a624e2|e9f0bced813a41ad9e36b4a9379bc38d|b25a5126-ec2c-468a-9d1d-b80f0e81c3bf
[2016.02.13-13.42.44:489][  0]LogAnalytics: [UEEditor.Rocket.Release] AnalyticsET::StartSession
[2016.02.13-13.42.44:496][  0]LogInit: Transaction tracking system initialized
[2016.02.13-13.42.44:517][  0]BlueprintLog: New page: エディタの読み込み
[2016.02.13-13.42.44:586][  0]LocalizationService: 情報 ローカライズのサービスが無効になりました
[2016.02.13-13.42.44:650][  0]LogConsoleResponse:Display: 
[2016.02.13-13.42.44:792][  0]LogCook:Display: Done creating registry. It took  0.00s.
[2016.02.13-13.42.44:837][  0]LogFileCache: Scanning file cache for directory 'C:/Users/kotaoue/Documents/Unreal Projects/DJYamabiko/Content/' took 0.02s
[2016.02.13-13.42.44:837][  0]SourceControl: 情報 ソースコントロールは無効です
[2016.02.13-13.42.44:837][  0]Cmd: MAP LOAD FILE="../../../../../../Users/kotaoue/Documents/Unreal Projects/DJYamabiko/Content/RollingBP/Maps/RollingBPExampleMap.umap" TEMPLATE=0 SHOWPROGRESS=1 FEATURELEVEL=3
[2016.02.13-13.42.44:841][  0]LightingResults: New page: ライティングのビルド
[2016.02.13-13.42.44:843][  0]MapCheck: New page: マップをチェック
[2016.02.13-13.42.44:843][  0]LightingResults: New page: <何も選択されていません>
[2016.02.13-13.42.44:863][  0]LogParticles: Destroying 0 GPU particle simulations for FXSystem 0x000001712D9D3740
[2016.02.13-13.42.45:881][  0]LogAIModule: Creating AISystem for world RollingBPExampleMap
[2016.02.13-13.42.45:892][  0]LogEditorServer: Finished looking for orphan Actors (0.000 secs)
[2016.02.13-13.42.45:893][  0]Cmd: MAP CHECKDEP NOCLEARLOG
[2016.02.13-13.42.45:931][  0]MapCheck: 情報 マップチェックが完了: 0 エラー、 0 警告、完了に 37.01ミリ秒かかりました。
[2016.02.13-13.42.45:931][  0]LogFileHelpers: Loading map 'RollingBPExampleMap' took 1.093
[2016.02.13-13.42.46:098][  0]LogCollectionManager: Loaded 0 collections in 0.002003 seconds
[2016.02.13-13.42.46:152][  0]LogFileCache: Scanning file cache for directory 'C:/Users/kotaoue/Documents/Unreal Projects/DJYamabiko/Saved/Collections/' took 0.01s
[2016.02.13-13.42.46:152][  0]LogFileCache: Scanning file cache for directory 'C:/Users/kotaoue/Documents/Unreal Projects/DJYamabiko/Content/Developers/kotaoue/Collections/' took 0.01s
[2016.02.13-13.42.46:152][  0]LogFileCache: Scanning file cache for directory 'C:/Users/kotaoue/Documents/Unreal Projects/DJYamabiko/Content/Collections/' took 0.01s
[2016.02.13-13.42.46:152][  0]LogCollectionManager: Rebuilt the GUID cache for 0 collections in 0.000002 seconds
[2016.02.13-13.42.46:160][  0]LogContentBrowser: Native class hierarchy populated in 0.0080 seconds. Added 1893 classes and 338 folders.
[2016.02.13-13.42.46:169][  0]LogContentBrowser: Native class hierarchy updated for 'WidgetCarousel' in 0.0003 seconds. Added 0 classes and 0 folders.
[2016.02.13-13.42.46:457][  0]LogContentBrowser: Native class hierarchy updated for 'AddContentDialog' in 0.0003 seconds. Added 0 classes and 0 folders.
[2016.02.13-13.42.46:467][  0]LogContentBrowser: Native class hierarchy updated for 'SceneOutliner' in 0.0003 seconds. Added 1 classes and 2 folders.
[2016.02.13-13.42.46:537][  0]LogCrashTracker: Crashtracker disabled due to settings.
[2016.02.13-13.42.46:549][  0]LogUObjectGlobals:Warning: オブジェクト 'Class なし.' が見つかりませんでした
[2016.02.13-13.42.46:572][  0]LogLoad: Full Startup: 5.96 seconds (BP compile: 0.06 seconds)
[2016.02.13-13.42.46:603][  0]LogWindowsTextInputMethodSystem:Display: IME system now activated using TSF (Microsoft IME).
[2016.02.13-13.42.46:604][  0]LogWindowsTextInputMethodSystem:Display: IME system now activated using TSF (Microsoft IME).
[2016.02.13-13.42.46:609][  0]LogOcInput: Can't find Oculus library dev build: is proper Runtime installed? Version: 0.8.0.0
[2016.02.13-13.42.46:942][  0]LogContentStreaming: Texture pool size now 1000 MB
[2016.02.13-13.42.47:103][  0]LogRenderer: Reallocating scene render targets to support 944x520 (Frame:2).
[2016.02.13-13.42.47:526][  3]LogAssetRegistry: Asset discovery search completed in 3.6991 seconds
[2016.02.13-13.42.47:526][  3]LogCollectionManager: Rebuilt the object cache for 0 collections in 0.000002 seconds (found 0 objects)
[2016.02.13-13.42.47:526][  3]LogCollectionManager: Fixed up redirectors for 0 collections in 0.000027 seconds (updated 0 objects)
[2016.02.13-13.42.49:504][121]LogEditorViewport: Clicking on Actor (LMB): PhysicsBallBP_C (PhysicsBallBP)
[2016.02.13-13.43.12:326][466]LogBlueprintUserMessages: Early PlayInEditor Detection: Level '/Game/RollingBP/Maps/RollingBPExampleMap.RollingBPExampleMap:PersistentLevel' has LevelScriptBlueprint '/Game/RollingBP/Maps/RollingBPExampleMap.RollingBPExampleMap:PersistentLevel.RollingBPExampleMap' with GeneratedClass '/Game/RollingBP/Maps/RollingBPExampleMap.RollingBPExampleMap_C' with ClassGeneratedBy '/Game/RollingBP/Maps/RollingBPExampleMap.RollingBPExampleMap:PersistentLevel.RollingBPExampleMap'
[2016.02.13-13.43.12:326][466]LogPlayLevel: PlayLevel: No blueprints needed recompiling
[2016.02.13-13.43.12:327][466]PIE: New page: PIEセッション: RollingBPExampleMap (2016/02/14 7:43:12)
[2016.02.13-13.43.12:327][466]LogPlayLevel: Creating play world package: /Game/RollingBP/Maps/UEDPIE_0_RollingBPExampleMap
[2016.02.13-13.43.12:363][466]LogPlayLevel: PIE: StaticDuplicateObject took: (0.035712s)
[2016.02.13-13.43.12:363][466]LogAIModule: Creating AISystem for world RollingBPExampleMap
[2016.02.13-13.43.12:364][466]LogPlayLevel: PIE: World Init took: (0.001079s)
[2016.02.13-13.43.12:364][466]LogPlayLevel: PIE: Created PIE world by copying editor world from /Game/RollingBP/Maps/RollingBPExampleMap.RollingBPExampleMap to /Game/RollingBP/Maps/UEDPIE_0_RollingBPExampleMap.RollingBPExampleMap (0.037127s)
[2016.02.13-13.43.12:424][466]LogInit: XAudio2 using 'スピーカー (Realtek High Definition Audio(SST))' : 2 channels at 48 kHz using 32 bits per sample (channel mask 0x3)
[2016.02.13-13.43.12:430][466]LogInit: FAudioDevice initialized.
[2016.02.13-13.43.12:483][466]LogWorld: Game class is 'RollingGameMode_C'
[2016.02.13-13.43.12:493][466]LogWorld: Bringing World /Game/RollingBP/Maps/UEDPIE_0_RollingBPExampleMap.RollingBPExampleMap up for play (max tick rate 60) at 2016.02.13-22.43.12
[2016.02.13-13.43.12:493][466]LogActor:Warning: GameSession /Game/RollingBP/Maps/UEDPIE_0_RollingBPExampleMap.RollingBPExampleMap:PersistentLevel.GameSession_0 has natively added scene component(s), but none of them were set as the actor's RootComponent - picking one arbitrarily
[2016.02.13-13.43.12:493][466]LogActor:Warning: GameNetworkManager /Game/RollingBP/Maps/UEDPIE_0_RollingBPExampleMap.RollingBPExampleMap:PersistentLevel.GameNetworkManager_0 has natively added scene component(s), but none of them were set as the actor's RootComponent - picking one arbitrarily
[2016.02.13-13.43.12:494][466]LogWorld: Bringing up level for play took: 0.009450
[2016.02.13-13.43.12:508][466]PIE: 情報 /Game/RollingBP/Maps/UEDPIE_0_RollingBPExampleMap 0.499のプレイ イン エディタの開始時間
[2016.02.13-13.43.12:508][466]LogBlueprintUserMessages: Late PlayInEditor Detection: Level '/Game/RollingBP/Maps/RollingBPExampleMap.RollingBPExampleMap:PersistentLevel' has LevelScriptBlueprint '/Game/RollingBP/Maps/RollingBPExampleMap.RollingBPExampleMap:PersistentLevel.RollingBPExampleMap' with GeneratedClass '/Game/RollingBP/Maps/RollingBPExampleMap.RollingBPExampleMap_C' with ClassGeneratedBy '/Game/RollingBP/Maps/RollingBPExampleMap.RollingBPExampleMap:PersistentLevel.RollingBPExampleMap'
[2016.02.13-13.43.18:646][827]LogBlueprintUserMessages: Early EndPlayMap Detection: Level '/Game/RollingBP/Maps/RollingBPExampleMap.RollingBPExampleMap:PersistentLevel' has LevelScriptBlueprint '/Game/RollingBP/Maps/RollingBPExampleMap.RollingBPExampleMap:PersistentLevel.RollingBPExampleMap' with GeneratedClass '/Game/RollingBP/Maps/RollingBPExampleMap.RollingBPExampleMap_C' with ClassGeneratedBy '/Game/RollingBP/Maps/RollingBPExampleMap.RollingBPExampleMap:PersistentLevel.RollingBPExampleMap'
[2016.02.13-13.43.18:715][827]LogBlueprintUserMessages: Late EndPlayMap Detection: Level '/Game/RollingBP/Maps/RollingBPExampleMap.RollingBPExampleMap:PersistentLevel' has LevelScriptBlueprint '/Game/RollingBP/Maps/RollingBPExampleMap.RollingBPExampleMap:PersistentLevel.RollingBPExampleMap' with GeneratedClass '/Game/RollingBP/Maps/RollingBPExampleMap.RollingBPExampleMap_C' with ClassGeneratedBy '/Game/RollingBP/Maps/RollingBPExampleMap.RollingBPExampleMap:PersistentLevel.RollingBPExampleMap'
[2016.02.13-13.43.18:741][827]LogParticles: Destroying 0 GPU particle simulations for FXSystem 0x0000017151C9E840
[2016.02.13-13.43.29:810][430]LogEditorViewport: Clicking on Actor (LMB): StaticMeshActor (Ground)
[2016.02.13-13.43.45:127][255]Cmd: TRANSACTION UNDO
[2016.02.13-13.43.45:128][255]LogEditorTransaction: Undo アクタスケールを設定
[2016.02.13-13.43.57:156][963]LogUnrealMath: Expression Error : No value recognized
[2016.02.13-13.43.57:156][963]LogUnrealMath: Expression Error : Error in expression
[2016.02.13-13.44.20:324][327]LogEditorViewport: Clicking on Actor (LMB): StaticMeshActor (Ground)
[2016.02.13-13.44.21:187][378]LogEditorViewport: Clicking on Actor (LMB): StaticMeshActor (Ground)
[2016.02.13-13.44.23:585][521]LogEditorViewport: Clicking on Actor (LMB): StaticMeshActor (EditorCube13)
[2016.02.13-13.44.24:722][584]LogEditorViewport: Clicking on Actor (LMB): StaticMeshActor (EditorCube15)
[2016.02.13-13.44.25:625][634]LogEditorViewport: Clicking on Actor (LMB): StaticMeshActor (Ground)
[2016.02.13-13.44.27:112][714]LogBlueprintUserMessages: Early PlayInEditor Detection: Level '/Game/RollingBP/Maps/RollingBPExampleMap.RollingBPExampleMap:PersistentLevel' has LevelScriptBlueprint '/Game/RollingBP/Maps/RollingBPExampleMap.RollingBPExampleMap:PersistentLevel.RollingBPExampleMap' with GeneratedClass '/Game/RollingBP/Maps/RollingBPExampleMap.RollingBPExampleMap_C' with ClassGeneratedBy '/Game/RollingBP/Maps/RollingBPExampleMap.RollingBPExampleMap:PersistentLevel.RollingBPExampleMap'
[2016.02.13-13.44.27:112][714]LogPlayLevel: PlayLevel: No blueprints needed recompiling
[2016.02.13-13.44.27:112][714]PIE: New page: PIEセッション: RollingBPExampleMap (2016/02/14 7:44:27)
[2016.02.13-13.44.27:112][714]LogPlayLevel: Creating play world package: /Game/RollingBP/Maps/UEDPIE_0_RollingBPExampleMap
[2016.02.13-13.44.27:141][714]LogPlayLevel: PIE: StaticDuplicateObject took: (0.028483s)
[2016.02.13-13.44.27:142][714]LogAIModule: Creating AISystem for world RollingBPExampleMap
[2016.02.13-13.44.27:142][714]LogPlayLevel: PIE: World Init took: (0.001083s)
[2016.02.13-13.44.27:143][714]LogPlayLevel: PIE: Created PIE world by copying editor world from /Game/RollingBP/Maps/RollingBPExampleMap.RollingBPExampleMap to /Game/RollingBP/Maps/UEDPIE_0_RollingBPExampleMap.RollingBPExampleMap (0.029934s)
[2016.02.13-13.44.27:172][714]LogInit: XAudio2 using 'スピーカー (Realtek High Definition Audio(SST))' : 2 channels at 48 kHz using 32 bits per sample (channel mask 0x3)
[2016.02.13-13.44.27:179][714]LogInit: FAudioDevice initialized.
[2016.02.13-13.44.27:215][714]LogWorld: Game class is 'RollingGameMode_C'
[2016.02.13-13.44.27:223][714]LogWorld: Bringing World /Game/RollingBP/Maps/UEDPIE_0_RollingBPExampleMap.RollingBPExampleMap up for play (max tick rate 60) at 2016.02.13-22.44.27
[2016.02.13-13.44.27:223][714]LogActor:Warning: GameSession /Game/RollingBP/Maps/UEDPIE_0_RollingBPExampleMap.RollingBPExampleMap:PersistentLevel.GameSession_1 has natively added scene component(s), but none of them were set as the actor's RootComponent - picking one arbitrarily
[2016.02.13-13.44.27:223][714]LogActor:Warning: GameNetworkManager /Game/RollingBP/Maps/UEDPIE_0_RollingBPExampleMap.RollingBPExampleMap:PersistentLevel.GameNetworkManager_1 has natively added scene component(s), but none of them were set as the actor's RootComponent - picking one arbitrarily
[2016.02.13-13.44.27:224][714]LogWorld: Bringing up level for play took: 0.008746
[2016.02.13-13.44.27:225][714]PIE: 情報 /Game/RollingBP/Maps/UEDPIE_0_RollingBPExampleMap -0.784のプレイ イン エディタの開始時間
[2016.02.13-13.44.27:225][714]LogBlueprintUserMessages: Late PlayInEditor Detection: Level '/Game/RollingBP/Maps/RollingBPExampleMap.RollingBPExampleMap:PersistentLevel' has LevelScriptBlueprint '/Game/RollingBP/Maps/RollingBPExampleMap.RollingBPExampleMap:PersistentLevel.RollingBPExampleMap' with GeneratedClass '/Game/RollingBP/Maps/RollingBPExampleMap.RollingBPExampleMap_C' with ClassGeneratedBy '/Game/RollingBP/Maps/RollingBPExampleMap.RollingBPExampleMap:PersistentLevel.RollingBPExampleMap'
[2016.02.13-13.44.33:640][ 95]LogBlueprintUserMessages: Early EndPlayMap Detection: Level '/Game/RollingBP/Maps/RollingBPExampleMap.RollingBPExampleMap:PersistentLevel' has LevelScriptBlueprint '/Game/RollingBP/Maps/RollingBPExampleMap.RollingBPExampleMap:PersistentLevel.RollingBPExampleMap' with GeneratedClass '/Game/RollingBP/Maps/RollingBPExampleMap.RollingBPExampleMap_C' with ClassGeneratedBy '/Game/RollingBP/Maps/RollingBPExampleMap.RollingBPExampleMap:PersistentLevel.RollingBPExampleMap'
[2016.02.13-13.44.33:722][ 95]LogBlueprintUserMessages: Late EndPlayMap Detection: Level '/Game/RollingBP/Maps/RollingBPExampleMap.RollingBPExampleMap:PersistentLevel' has LevelScriptBlueprint '/Game/RollingBP/Maps/RollingBPExampleMap.RollingBPExampleMap:PersistentLevel.RollingBPExampleMap' with GeneratedClass '/Game/RollingBP/Maps/RollingBPExampleMap.RollingBPExampleMap_C' with ClassGeneratedBy '/Game/RollingBP/Maps/RollingBPExampleMap.RollingBPExampleMap:PersistentLevel.RollingBPExampleMap'
[2016.02.13-13.44.33:785][ 96]LogParticles: Destroying 0 GPU particle simulations for FXSystem 0x0000017148306340
[2016.02.13-13.45.01:633][743]LogEditorViewport: Clicking on Actor (LMB): StaticMeshActor (EditorCube12)
[2016.02.13-13.45.06:841][ 50]LogEditorViewport: Clicking on Actor (LMB): StaticMeshActor (TemplateCube_Rounded_3)
[2016.02.13-13.45.07:721][ 98]LogEditorViewport: Clicking on Actor (LMB): StaticMeshActor (EditorCube12)
[2016.02.13-13.45.08:113][117]Cmd: DELETE
[2016.02.13-13.45.08:113][117]Cmd: ACTOR DELETE
[2016.02.13-13.45.08:114][117]LogEditorActor: Deleted Actor: StaticMeshActor
[2016.02.13-13.45.08:136][117]LogEditorActor: Deleted 1 Actors (0.023 secs)
[2016.02.13-13.45.08:731][153]LogEditorViewport: Clicking on Actor (LMB): StaticMeshActor (EditorCube13)
[2016.02.13-13.45.09:117][172]Cmd: DELETE
[2016.02.13-13.45.09:117][172]Cmd: ACTOR DELETE
[2016.02.13-13.45.09:118][172]LogEditorActor: Deleted Actor: StaticMeshActor
[2016.02.13-13.45.09:141][172]LogEditorActor: Deleted 1 Actors (0.024 secs)
[2016.02.13-13.45.09:751][209]LogEditorViewport: Clicking on Actor (LMB): StaticMeshActor (Ground)
[2016.02.13-13.45.10:784][266]LogEditorViewport: Clicking on Actor (LMB): StaticMeshActor (EditorCube14)
[2016.02.13-13.45.11:401][298]Cmd: DELETE
[2016.02.13-13.45.11:401][298]Cmd: ACTOR DELETE
[2016.02.13-13.45.11:402][298]LogEditorActor: Deleted Actor: StaticMeshActor
[2016.02.13-13.45.11:425][298]LogEditorActor: Deleted 1 Actors (0.024 secs)
[2016.02.13-13.45.19:849][802]LogEditorViewport: Clicking on Actor (LMB): BP_Sky_Sphere_C (SkyShereBlueprint)
[2016.02.13-13.45.22:628][959]LogEditorViewport: Clicking on Actor (LMB): BP_Sky_Sphere_C (SkyShereBlueprint)
[2016.02.13-13.45.23:456][  7]LogBlueprintUserMessages: Early PlayInEditor Detection: Level '/Game/RollingBP/Maps/RollingBPExampleMap.RollingBPExampleMap:PersistentLevel' has LevelScriptBlueprint '/Game/RollingBP/Maps/RollingBPExampleMap.RollingBPExampleMap:PersistentLevel.RollingBPExampleMap' with GeneratedClass '/Game/RollingBP/Maps/RollingBPExampleMap.RollingBPExampleMap_C' with ClassGeneratedBy '/Game/RollingBP/Maps/RollingBPExampleMap.RollingBPExampleMap:PersistentLevel.RollingBPExampleMap'
[2016.02.13-13.45.23:456][  7]LogPlayLevel: PlayLevel: No blueprints needed recompiling
[2016.02.13-13.45.23:456][  7]PIE: New page: PIEセッション: RollingBPExampleMap (2016/02/14 7:45:23)
[2016.02.13-13.45.23:456][  7]LogPlayLevel: Creating play world package: /Game/RollingBP/Maps/UEDPIE_0_RollingBPExampleMap
[2016.02.13-13.45.23:485][  7]LogPlayLevel: PIE: StaticDuplicateObject took: (0.028625s)
[2016.02.13-13.45.23:486][  7]LogAIModule: Creating AISystem for world RollingBPExampleMap
[2016.02.13-13.45.23:486][  7]LogPlayLevel: PIE: World Init took: (0.001069s)
[2016.02.13-13.45.23:486][  7]LogPlayLevel: PIE: Created PIE world by copying editor world from /Game/RollingBP/Maps/RollingBPExampleMap.RollingBPExampleMap to /Game/RollingBP/Maps/UEDPIE_0_RollingBPExampleMap.RollingBPExampleMap (0.030031s)
[2016.02.13-13.45.23:517][  7]LogInit: XAudio2 using 'スピーカー (Realtek High Definition Audio(SST))' : 2 channels at 48 kHz using 32 bits per sample (channel mask 0x3)
[2016.02.13-13.45.23:523][  7]LogInit: FAudioDevice initialized.
[2016.02.13-13.45.23:560][  7]LogWorld: Game class is 'RollingGameMode_C'
[2016.02.13-13.45.23:569][  7]LogWorld: Bringing World /Game/RollingBP/Maps/UEDPIE_0_RollingBPExampleMap.RollingBPExampleMap up for play (max tick rate 60) at 2016.02.13-22.45.23
[2016.02.13-13.45.23:569][  7]LogActor:Warning: GameSession /Game/RollingBP/Maps/UEDPIE_0_RollingBPExampleMap.RollingBPExampleMap:PersistentLevel.GameSession_2 has natively added scene component(s), but none of them were set as the actor's RootComponent - picking one arbitrarily
[2016.02.13-13.45.23:569][  7]LogActor:Warning: GameNetworkManager /Game/RollingBP/Maps/UEDPIE_0_RollingBPExampleMap.RollingBPExampleMap:PersistentLevel.GameNetworkManager_2 has natively added scene component(s), but none of them were set as the actor's RootComponent - picking one arbitrarily
[2016.02.13-13.45.23:570][  7]LogWorld: Bringing up level for play took: 0.009027
[2016.02.13-13.45.23:571][  7]PIE: 情報 /Game/RollingBP/Maps/UEDPIE_0_RollingBPExampleMap -0.438のプレイ イン エディタの開始時間
[2016.02.13-13.45.23:571][  7]LogBlueprintUserMessages: Late PlayInEditor Detection: Level '/Game/RollingBP/Maps/RollingBPExampleMap.RollingBPExampleMap:PersistentLevel' has LevelScriptBlueprint '/Game/RollingBP/Maps/RollingBPExampleMap.RollingBPExampleMap:PersistentLevel.RollingBPExampleMap' with GeneratedClass '/Game/RollingBP/Maps/RollingBPExampleMap.RollingBPExampleMap_C' with ClassGeneratedBy '/Game/RollingBP/Maps/RollingBPExampleMap.RollingBPExampleMap:PersistentLevel.RollingBPExampleMap'
[2016.02.13-13.45.27:105][213]LogBlueprintUserMessages: Early EndPlayMap Detection: Level '/Game/RollingBP/Maps/RollingBPExampleMap.RollingBPExampleMap:PersistentLevel' has LevelScriptBlueprint '/Game/RollingBP/Maps/RollingBPExampleMap.RollingBPExampleMap:PersistentLevel.RollingBPExampleMap' with GeneratedClass '/Game/RollingBP/Maps/RollingBPExampleMap.RollingBPExampleMap_C' with ClassGeneratedBy '/Game/RollingBP/Maps/RollingBPExampleMap.RollingBPExampleMap:PersistentLevel.RollingBPExampleMap'
[2016.02.13-13.45.27:158][213]LogBlueprintUserMessages: Late EndPlayMap Detection: Level '/Game/RollingBP/Maps/RollingBPExampleMap.RollingBPExampleMap:PersistentLevel' has LevelScriptBlueprint '/Game/RollingBP/Maps/RollingBPExampleMap.RollingBPExampleMap:PersistentLevel.RollingBPExampleMap' with GeneratedClass '/Game/RollingBP/Maps/RollingBPExampleMap.RollingBPExampleMap_C' with ClassGeneratedBy '/Game/RollingBP/Maps/RollingBPExampleMap.RollingBPExampleMap:PersistentLevel.RollingBPExampleMap'
[2016.02.13-13.45.27:227][214]LogParticles: Destroying 0 GPU particle simulations for FXSystem 0x000001711E66E980
[2016.02.13-13.45.42:277][108]LogEditorViewport: Clicking on Actor (LMB): StaticMeshActor (EditorCube6)
[2016.02.13-13.45.43:612][181]Cmd: DELETE
[2016.02.13-13.45.43:612][181]Cmd: ACTOR DELETE
[2016.02.13-13.45.43:614][181]LogEditorActor: Deleted Actor: StaticMeshActor
[2016.02.13-13.45.43:635][181]LogEditorActor: Deleted 1 Actors (0.023 secs)
[2016.02.13-13.45.44:392][227]LogEditorViewport: Clicking on Actor (LMB): StaticMeshActor (EditorCube18)
[2016.02.13-13.45.44:780][246]Cmd: DELETE
[2016.02.13-13.45.44:780][246]Cmd: ACTOR DELETE
[2016.02.13-13.45.44:781][246]LogEditorActor: Deleted Actor: StaticMeshActor
[2016.02.13-13.45.44:809][246]LogEditorActor: Deleted 1 Actors (0.030 secs)
[2016.02.13-13.45.45:351][279]LogEditorViewport: Clicking on Actor (LMB): StaticMeshActor (EditorCube19)
[2016.02.13-13.45.45:687][295]Cmd: DELETE
[2016.02.13-13.45.45:687][295]Cmd: ACTOR DELETE
[2016.02.13-13.45.45:688][295]LogEditorActor: Deleted Actor: StaticMeshActor
[2016.02.13-13.45.45:712][295]LogEditorActor: Deleted 1 Actors (0.025 secs)
[2016.02.13-13.45.46:206][325]LogEditorViewport: Clicking on Actor (LMB): StaticMeshActor (EditorCube11)
[2016.02.13-13.45.46:495][338]Cmd: DELETE
[2016.02.13-13.45.46:495][338]Cmd: ACTOR DELETE
[2016.02.13-13.45.46:496][338]LogEditorActor: Deleted Actor: StaticMeshActor
[2016.02.13-13.45.46:520][338]LogEditorActor: Deleted 1 Actors (0.024 secs)
[2016.02.13-13.45.47:063][371]LogEditorViewport: Clicking on Actor (LMB): StaticMeshActor (EditorCube15)
[2016.02.13-13.45.47:327][382]Cmd: DELETE
[2016.02.13-13.45.47:327][382]Cmd: ACTOR DELETE
[2016.02.13-13.45.47:329][382]LogEditorActor: Deleted Actor: StaticMeshActor
[2016.02.13-13.45.47:353][382]LogEditorActor: Deleted 1 Actors (0.025 secs)
[2016.02.13-13.45.47:700][403]LogEditorViewport: Clicking on Actor (LMB): StaticMeshActor (EditorCube16)
[2016.02.13-13.45.48:002][417]Cmd: DELETE
[2016.02.13-13.45.48:002][417]Cmd: ACTOR DELETE
[2016.02.13-13.45.48:003][417]LogEditorActor: Deleted Actor: StaticMeshActor
[2016.02.13-13.45.48:029][417]LogEditorActor: Deleted 1 Actors (0.028 secs)
[2016.02.13-13.45.48:789][463]LogEditorViewport: Clicking on Actor (LMB): StaticMeshActor (EditorCube20)
[2016.02.13-13.45.48:952][468]Cmd: DELETE
[2016.02.13-13.45.48:952][468]Cmd: ACTOR DELETE
[2016.02.13-13.45.48:953][468]LogEditorActor: Deleted Actor: StaticMeshActor
[2016.02.13-13.45.48:974][468]LogEditorActor: Deleted 1 Actors (0.022 secs)
[2016.02.13-13.45.49:448][497]LogEditorViewport: Clicking on Actor (LMB): StaticMeshActor (EditorCube21)
[2016.02.13-13.45.49:586][501]Cmd: DELETE
[2016.02.13-13.45.49:586][501]Cmd: ACTOR DELETE
[2016.02.13-13.45.49:588][501]LogEditorActor: Deleted Actor: StaticMeshActor
[2016.02.13-13.45.49:612][501]LogEditorActor: Deleted 1 Actors (0.026 secs)
[2016.02.13-13.45.55:511][855]LogEditorViewport: Clicking on Actor (double click): StaticMeshActor (TemplateCube_Rounded)
[2016.02.13-13.46.00:745][155]LogEditorViewport: Clicking on Actor (LMB): StaticMeshActor (Ground)
[2016.02.13-13.46.09:270][655]LogEditorViewport: Clicking on Actor (LMB): StaticMeshActor (EditorCube22)
[2016.02.13-13.46.11:135][762]Cmd: DELETE
[2016.02.13-13.46.11:135][762]Cmd: ACTOR DELETE
[2016.02.13-13.46.11:136][762]LogEditorActor: Deleted Actor: StaticMeshActor
[2016.02.13-13.46.11:159][762]LogEditorActor: Deleted 1 Actors (0.024 secs)
[2016.02.13-13.46.12:102][819]LogEditorViewport: Clicking on Actor (LMB): StaticMeshActor (EditorCube23)
[2016.02.13-13.46.12:416][834]Cmd: DELETE
[2016.02.13-13.46.12:416][834]Cmd: ACTOR DELETE
[2016.02.13-13.46.12:418][834]LogEditorActor: Deleted Actor: StaticMeshActor
[2016.02.13-13.46.12:437][834]LogEditorActor: Deleted 1 Actors (0.021 secs)
[2016.02.13-13.46.36:962][295]LogEditorViewport: Clicking on Actor (LMB): StaticMeshActor (Ground)
[2016.02.13-13.46.38:567][385]LogEditorViewport: Clicking on Actor (LMB): StaticMeshActor (EditorCube24)
[2016.02.13-13.46.39:466][434]Cmd: DELETE
[2016.02.13-13.46.39:466][434]Cmd: ACTOR DELETE
[2016.02.13-13.46.39:468][434]LogEditorActor: Deleted Actor: StaticMeshActor
[2016.02.13-13.46.39:492][434]LogEditorActor: Deleted 1 Actors (0.026 secs)
[2016.02.13-13.46.43:093][649]LogBlueprintUserMessages: Early PlayInEditor Detection: Level '/Game/RollingBP/Maps/RollingBPExampleMap.RollingBPExampleMap:PersistentLevel' has LevelScriptBlueprint '/Game/RollingBP/Maps/RollingBPExampleMap.RollingBPExampleMap:PersistentLevel.RollingBPExampleMap' with GeneratedClass '/Game/RollingBP/Maps/RollingBPExampleMap.RollingBPExampleMap_C' with ClassGeneratedBy '/Game/RollingBP/Maps/RollingBPExampleMap.RollingBPExampleMap:PersistentLevel.RollingBPExampleMap'
[2016.02.13-13.46.43:093][649]LogPlayLevel: PlayLevel: No blueprints needed recompiling
[2016.02.13-13.46.43:093][649]PIE: New page: PIEセッション: RollingBPExampleMap (2016/02/14 7:46:43)
[2016.02.13-13.46.43:093][649]LogPlayLevel: Creating play world package: /Game/RollingBP/Maps/UEDPIE_0_RollingBPExampleMap
[2016.02.13-13.46.43:123][649]LogPlayLevel: PIE: StaticDuplicateObject took: (0.029719s)
[2016.02.13-13.46.43:123][649]LogAIModule: Creating AISystem for world RollingBPExampleMap
[2016.02.13-13.46.43:124][649]LogPlayLevel: PIE: World Init took: (0.000998s)
[2016.02.13-13.46.43:124][649]LogPlayLevel: PIE: Created PIE world by copying editor world from /Game/RollingBP/Maps/RollingBPExampleMap.RollingBPExampleMap to /Game/RollingBP/Maps/UEDPIE_0_RollingBPExampleMap.RollingBPExampleMap (0.031047s)
[2016.02.13-13.46.43:152][649]LogInit: XAudio2 using 'スピーカー (Realtek High Definition Audio(SST))' : 2 channels at 48 kHz using 32 bits per sample (channel mask 0x3)
[2016.02.13-13.46.43:159][649]LogInit: FAudioDevice initialized.
[2016.02.13-13.46.43:193][649]LogWorld: Game class is 'RollingGameMode_C'
[2016.02.13-13.46.43:202][649]LogWorld: Bringing World /Game/RollingBP/Maps/UEDPIE_0_RollingBPExampleMap.RollingBPExampleMap up for play (max tick rate 60) at 2016.02.13-22.46.43
[2016.02.13-13.46.43:202][649]LogActor:Warning: GameSession /Game/RollingBP/Maps/UEDPIE_0_RollingBPExampleMap.RollingBPExampleMap:PersistentLevel.GameSession_3 has natively added scene component(s), but none of them were set as the actor's RootComponent - picking one arbitrarily
[2016.02.13-13.46.43:202][649]LogActor:Warning: GameNetworkManager /Game/RollingBP/Maps/UEDPIE_0_RollingBPExampleMap.RollingBPExampleMap:PersistentLevel.GameNetworkManager_3 has natively added scene component(s), but none of them were set as the actor's RootComponent - picking one arbitrarily
[2016.02.13-13.46.43:202][649]LogWorld: Bringing up level for play took: 0.008691
[2016.02.13-13.46.43:203][649]PIE: 情報 /Game/RollingBP/Maps/UEDPIE_0_RollingBPExampleMap -0.806のプレイ イン エディタの開始時間
[2016.02.13-13.46.43:203][649]LogBlueprintUserMessages: Late PlayInEditor Detection: Level '/Game/RollingBP/Maps/RollingBPExampleMap.RollingBPExampleMap:PersistentLevel' has LevelScriptBlueprint '/Game/RollingBP/Maps/RollingBPExampleMap.RollingBPExampleMap:PersistentLevel.RollingBPExampleMap' with GeneratedClass '/Game/RollingBP/Maps/RollingBPExampleMap.RollingBPExampleMap_C' with ClassGeneratedBy '/Game/RollingBP/Maps/RollingBPExampleMap.RollingBPExampleMap:PersistentLevel.RollingBPExampleMap'
[2016.02.13-13.46.49:773][ 39]LogBlueprintUserMessages: Early EndPlayMap Detection: Level '/Game/RollingBP/Maps/RollingBPExampleMap.RollingBPExampleMap:PersistentLevel' has LevelScriptBlueprint '/Game/RollingBP/Maps/RollingBPExampleMap.RollingBPExampleMap:PersistentLevel.RollingBPExampleMap' with GeneratedClass '/Game/RollingBP/Maps/RollingBPExampleMap.RollingBPExampleMap_C' with ClassGeneratedBy '/Game/RollingBP/Maps/RollingBPExampleMap.RollingBPExampleMap:PersistentLevel.RollingBPExampleMap'
[2016.02.13-13.46.49:802][ 39]LogBlueprintUserMessages: Late EndPlayMap Detection: Level '/Game/RollingBP/Maps/RollingBPExampleMap.RollingBPExampleMap:PersistentLevel' has LevelScriptBlueprint '/Game/RollingBP/Maps/RollingBPExampleMap.RollingBPExampleMap:PersistentLevel.RollingBPExampleMap' with GeneratedClass '/Game/RollingBP/Maps/RollingBPExampleMap.RollingBPExampleMap_C' with ClassGeneratedBy '/Game/RollingBP/Maps/RollingBPExampleMap.RollingBPExampleMap:PersistentLevel.RollingBPExampleMap'
[2016.02.13-13.46.49:850][ 40]LogParticles: Destroying 0 GPU particle simulations for FXSystem 0x000001715E5DC220
[2016.02.13-13.47.08:010][127]LogBlueprintUserMessages: Early PlayInEditor Detection: Level '/Game/RollingBP/Maps/RollingBPExampleMap.RollingBPExampleMap:PersistentLevel' has LevelScriptBlueprint '/Game/RollingBP/Maps/RollingBPExampleMap.RollingBPExampleMap:PersistentLevel.RollingBPExampleMap' with GeneratedClass '/Game/RollingBP/Maps/RollingBPExampleMap.RollingBPExampleMap_C' with ClassGeneratedBy '/Game/RollingBP/Maps/RollingBPExampleMap.RollingBPExampleMap:PersistentLevel.RollingBPExampleMap'
[2016.02.13-13.47.08:011][127]LogPlayLevel: PlayLevel: No blueprints needed recompiling
[2016.02.13-13.47.08:011][127]PIE: New page: PIEセッション: RollingBPExampleMap (2016/02/14 7:47:08)
[2016.02.13-13.47.08:011][127]LogPlayLevel: Creating play world package: /Game/RollingBP/Maps/UEDPIE_0_RollingBPExampleMap
[2016.02.13-13.47.08:041][127]LogPlayLevel: PIE: StaticDuplicateObject took: (0.030339s)
[2016.02.13-13.47.08:042][127]LogAIModule: Creating AISystem for world RollingBPExampleMap
[2016.02.13-13.47.08:042][127]LogPlayLevel: PIE: World Init took: (0.001248s)
[2016.02.13-13.47.08:043][127]LogPlayLevel: PIE: Created PIE world by copying editor world from /Game/RollingBP/Maps/RollingBPExampleMap.RollingBPExampleMap to /Game/RollingBP/Maps/UEDPIE_0_RollingBPExampleMap.RollingBPExampleMap (0.031921s)
[2016.02.13-13.47.08:073][127]LogInit: XAudio2 using 'スピーカー (Realtek High Definition Audio(SST))' : 2 channels at 48 kHz using 32 bits per sample (channel mask 0x3)
[2016.02.13-13.47.08:078][127]LogInit: FAudioDevice initialized.
[2016.02.13-13.47.08:114][127]LogWorld: Game class is 'RollingGameMode_C'
[2016.02.13-13.47.08:123][127]LogWorld: Bringing World /Game/RollingBP/Maps/UEDPIE_0_RollingBPExampleMap.RollingBPExampleMap up for play (max tick rate 60) at 2016.02.13-22.47.08
[2016.02.13-13.47.08:123][127]LogActor:Warning: GameSession /Game/RollingBP/Maps/UEDPIE_0_RollingBPExampleMap.RollingBPExampleMap:PersistentLevel.GameSession_4 has natively added scene component(s), but none of them were set as the actor's RootComponent - picking one arbitrarily
[2016.02.13-13.47.08:123][127]LogActor:Warning: GameNetworkManager /Game/RollingBP/Maps/UEDPIE_0_RollingBPExampleMap.RollingBPExampleMap:PersistentLevel.GameNetworkManager_4 has natively added scene component(s), but none of them were set as the actor's RootComponent - picking one arbitrarily
[2016.02.13-13.47.08:124][127]LogWorld: Bringing up level for play took: 0.009545
[2016.02.13-13.47.08:125][127]PIE: 情報 /Game/RollingBP/Maps/UEDPIE_0_RollingBPExampleMap 0.116のプレイ イン エディタの開始時間
[2016.02.13-13.47.08:125][127]LogBlueprintUserMessages: Late PlayInEditor Detection: Level '/Game/RollingBP/Maps/RollingBPExampleMap.RollingBPExampleMap:PersistentLevel' has LevelScriptBlueprint '/Game/RollingBP/Maps/RollingBPExampleMap.RollingBPExampleMap:PersistentLevel.RollingBPExampleMap' with GeneratedClass '/Game/RollingBP/Maps/RollingBPExampleMap.RollingBPExampleMap_C' with ClassGeneratedBy '/Game/RollingBP/Maps/RollingBPExampleMap.RollingBPExampleMap:PersistentLevel.RollingBPExampleMap'
[2016.02.13-13.47.09:028][177]LogBlueprintUserMessages: Early EndPlayMap Detection: Level '/Game/RollingBP/Maps/RollingBPExampleMap.RollingBPExampleMap:PersistentLevel' has LevelScriptBlueprint '/Game/RollingBP/Maps/RollingBPExampleMap.RollingBPExampleMap:PersistentLevel.RollingBPExampleMap' with GeneratedClass '/Game/RollingBP/Maps/RollingBPExampleMap.RollingBPExampleMap_C' with ClassGeneratedBy '/Game/RollingBP/Maps/RollingBPExampleMap.RollingBPExampleMap:PersistentLevel.RollingBPExampleMap'
[2016.02.13-13.47.09:060][177]LogBlueprintUserMessages: Late EndPlayMap Detection: Level '/Game/RollingBP/Maps/RollingBPExampleMap.RollingBPExampleMap:PersistentLevel' has LevelScriptBlueprint '/Game/RollingBP/Maps/RollingBPExampleMap.RollingBPExampleMap:PersistentLevel.RollingBPExampleMap' with GeneratedClass '/Game/RollingBP/Maps/RollingBPExampleMap.RollingBPExampleMap_C' with ClassGeneratedBy '/Game/RollingBP/Maps/RollingBPExampleMap.RollingBPExampleMap:PersistentLevel.RollingBPExampleMap'
[2016.02.13-13.47.09:107][178]LogParticles: Destroying 0 GPU particle simulations for FXSystem 0x0000017148296200
[2016.02.13-13.47.11:087][295]LogBlueprintUserMessages: Early PlayInEditor Detection: Level '/Game/RollingBP/Maps/RollingBPExampleMap.RollingBPExampleMap:PersistentLevel' has LevelScriptBlueprint '/Game/RollingBP/Maps/RollingBPExampleMap.RollingBPExampleMap:PersistentLevel.RollingBPExampleMap' with GeneratedClass '/Game/RollingBP/Maps/RollingBPExampleMap.RollingBPExampleMap_C' with ClassGeneratedBy '/Game/RollingBP/Maps/RollingBPExampleMap.RollingBPExampleMap:PersistentLevel.RollingBPExampleMap'
[2016.02.13-13.47.11:087][295]LogPlayLevel: PlayLevel: No blueprints needed recompiling
[2016.02.13-13.47.11:087][295]PIE: New page: PIEセッション: RollingBPExampleMap (2016/02/14 7:47:11)
[2016.02.13-13.47.11:087][295]LogPlayLevel: Creating play world package: /Game/RollingBP/Maps/UEDPIE_0_RollingBPExampleMap
[2016.02.13-13.47.11:115][295]LogPlayLevel: PIE: StaticDuplicateObject took: (0.027744s)
[2016.02.13-13.47.11:115][295]LogAIModule: Creating AISystem for world RollingBPExampleMap
[2016.02.13-13.47.11:116][295]LogPlayLevel: PIE: World Init took: (0.000887s)
[2016.02.13-13.47.11:116][295]LogPlayLevel: PIE: Created PIE world by copying editor world from /Game/RollingBP/Maps/RollingBPExampleMap.RollingBPExampleMap to /Game/RollingBP/Maps/UEDPIE_0_RollingBPExampleMap.RollingBPExampleMap (0.028892s)
[2016.02.13-13.47.11:144][295]LogInit: XAudio2 using 'スピーカー (Realtek High Definition Audio(SST))' : 2 channels at 48 kHz using 32 bits per sample (channel mask 0x3)
[2016.02.13-13.47.11:150][295]LogInit: FAudioDevice initialized.
[2016.02.13-13.47.11:184][295]LogWorld: Game class is 'RollingGameMode_C'
[2016.02.13-13.47.11:192][295]LogWorld: Bringing World /Game/RollingBP/Maps/UEDPIE_0_RollingBPExampleMap.RollingBPExampleMap up for play (max tick rate 60) at 2016.02.13-22.47.11
[2016.02.13-13.47.11:192][295]LogActor:Warning: GameSession /Game/RollingBP/Maps/UEDPIE_0_RollingBPExampleMap.RollingBPExampleMap:PersistentLevel.GameSession_5 has natively added scene component(s), but none of them were set as the actor's RootComponent - picking one arbitrarily
[2016.02.13-13.47.11:192][295]LogActor:Warning: GameNetworkManager /Game/RollingBP/Maps/UEDPIE_0_RollingBPExampleMap.RollingBPExampleMap:PersistentLevel.GameNetworkManager_5 has natively added scene component(s), but none of them were set as the actor's RootComponent - picking one arbitrarily
[2016.02.13-13.47.11:192][295]LogWorld: Bringing up level for play took: 0.007776
[2016.02.13-13.47.11:193][295]PIE: 情報 /Game/RollingBP/Maps/UEDPIE_0_RollingBPExampleMap -0.815のプレイ イン エディタの開始時間
[2016.02.13-13.47.11:193][295]LogBlueprintUserMessages: Late PlayInEditor Detection: Level '/Game/RollingBP/Maps/RollingBPExampleMap.RollingBPExampleMap:PersistentLevel' has LevelScriptBlueprint '/Game/RollingBP/Maps/RollingBPExampleMap.RollingBPExampleMap:PersistentLevel.RollingBPExampleMap' with GeneratedClass '/Game/RollingBP/Maps/RollingBPExampleMap.RollingBPExampleMap_C' with ClassGeneratedBy '/Game/RollingBP/Maps/RollingBPExampleMap.RollingBPExampleMap:PersistentLevel.RollingBPExampleMap'
[2016.02.13-13.47.11:931][336]LogBlueprintUserMessages: Early EndPlayMap Detection: Level '/Game/RollingBP/Maps/RollingBPExampleMap.RollingBPExampleMap:PersistentLevel' has LevelScriptBlueprint '/Game/RollingBP/Maps/RollingBPExampleMap.RollingBPExampleMap:PersistentLevel.RollingBPExampleMap' with GeneratedClass '/Game/RollingBP/Maps/RollingBPExampleMap.RollingBPExampleMap_C' with ClassGeneratedBy '/Game/RollingBP/Maps/RollingBPExampleMap.RollingBPExampleMap:PersistentLevel.RollingBPExampleMap'
[2016.02.13-13.47.11:970][336]LogBlueprintUserMessages: Late EndPlayMap Detection: Level '/Game/RollingBP/Maps/RollingBPExampleMap.RollingBPExampleMap:PersistentLevel' has LevelScriptBlueprint '/Game/RollingBP/Maps/RollingBPExampleMap.RollingBPExampleMap:PersistentLevel.RollingBPExampleMap' with GeneratedClass '/Game/RollingBP/Maps/RollingBPExampleMap.RollingBPExampleMap_C' with ClassGeneratedBy '/Game/RollingBP/Maps/RollingBPExampleMap.RollingBPExampleMap:PersistentLevel.RollingBPExampleMap'
[2016.02.13-13.47.12:019][337]LogParticles: Destroying 0 GPU particle simulations for FXSystem 0x0000017148294AE0
[2016.02.13-13.48.32:988][137]LogEditorViewport: Clicking on Actor (LMB): StaticMeshActor (EditorCube30)
[2016.02.13-13.48.33:201][144]LogEditorViewport: Clicking on Actor (LMB): StaticMeshActor (EditorCube30)
[2016.02.13-13.48.34:242][206]Cmd: DELETE
[2016.02.13-13.48.34:242][206]Cmd: ACTOR DELETE
[2016.02.13-13.48.34:244][206]LogEditorActor: Deleted Actor: StaticMeshActor
[2016.02.13-13.48.34:270][206]LogEditorActor: Deleted 1 Actors (0.027 secs)
[2016.02.13-13.48.36:030][312]LogEditorViewport: Clicking on Actor (LMB): StaticMeshActor (EditorCube38)
[2016.02.13-13.48.38:068][430]Cmd: DELETE
[2016.02.13-13.48.38:068][430]Cmd: ACTOR DELETE
[2016.02.13-13.48.42:862][430]LogEditorActor: Deleted 0 Actors (4.794 secs)
[2016.02.13-13.48.43:840][489]LogEditorViewport: Clicking on Actor (LMB): StaticMeshActor (EditorCube29)
[2016.02.13-13.48.44:297][512]Cmd: DELETE
[2016.02.13-13.48.44:297][512]Cmd: ACTOR DELETE
[2016.02.13-13.48.44:299][512]LogEditorActor: Deleted Actor: StaticMeshActor
[2016.02.13-13.48.44:327][512]LogEditorActor: Deleted 1 Actors (0.029 secs)
[2016.02.13-13.48.44:752][538]LogEditorViewport: Clicking on Actor (LMB): StaticMeshActor (EditorCube28)
[2016.02.13-13.48.44:963][547]Cmd: DELETE
[2016.02.13-13.48.44:963][547]Cmd: ACTOR DELETE
[2016.02.13-13.48.44:965][547]LogEditorActor: Deleted Actor: StaticMeshActor
[2016.02.13-13.48.44:992][547]LogEditorActor: Deleted 1 Actors (0.028 secs)
[2016.02.13-13.48.45:457][575]LogEditorViewport: Clicking on Actor (LMB): StaticMeshActor (EditorCube27)
[2016.02.13-13.48.45:937][600]Cmd: DELETE
[2016.02.13-13.48.45:937][600]Cmd: ACTOR DELETE
[2016.02.13-13.48.45:939][600]LogEditorActor: Deleted Actor: StaticMeshActor
[2016.02.13-13.48.45:966][600]LogEditorActor: Deleted 1 Actors (0.029 secs)
[2016.02.13-13.48.46:377][625]LogEditorViewport: Clicking on Actor (LMB): StaticMeshActor (EditorCube26)
[2016.02.13-13.48.46:723][642]Cmd: DELETE
[2016.02.13-13.48.46:723][642]Cmd: ACTOR DELETE
[2016.02.13-13.48.46:724][642]LogEditorActor: Deleted Actor: StaticMeshActor
[2016.02.13-13.48.46:749][642]LogEditorActor: Deleted 1 Actors (0.025 secs)
[2016.02.13-13.48.47:140][666]LogEditorViewport: Clicking on Actor (LMB): StaticMeshActor (EditorCube25)
[2016.02.13-13.48.47:624][691]Cmd: DELETE
[2016.02.13-13.48.47:624][691]Cmd: ACTOR DELETE
[2016.02.13-13.48.47:625][691]LogEditorActor: Deleted Actor: StaticMeshActor
[2016.02.13-13.48.47:647][691]LogEditorActor: Deleted 1 Actors (0.024 secs)
[2016.02.13-13.48.48:287][730]LogEditorViewport: Clicking on Actor (LMB): BP_Sky_Sphere_C (SkyShereBlueprint)
[2016.02.13-13.48.51:197][900]LogEditorViewport: Clicking on Actor (LMB): StaticMeshActor (EditorCube10)
[2016.02.13-13.48.52:217][956]Cmd: DELETE
[2016.02.13-13.48.52:217][956]Cmd: ACTOR DELETE
[2016.02.13-13.48.52:218][956]LogEditorActor: Deleted Actor: StaticMeshActor
[2016.02.13-13.48.52:246][956]LogEditorActor: Deleted 1 Actors (0.029 secs)
[2016.02.13-13.48.52:854][993]LogEditorViewport: Clicking on Actor (LMB): StaticMeshActor (EditorCube31)
[2016.02.13-13.48.53:033][  0]Cmd: DELETE
[2016.02.13-13.48.53:033][  0]Cmd: ACTOR DELETE
[2016.02.13-13.48.53:034][  0]LogEditorActor: Deleted Actor: StaticMeshActor
[2016.02.13-13.48.53:053][  0]LogEditorActor: Deleted 1 Actors (0.020 secs)
[2016.02.13-13.48.53:511][ 28]LogEditorViewport: Clicking on Actor (LMB): StaticMeshActor (EditorCube32)
[2016.02.13-13.48.53:747][ 38]Cmd: DELETE
[2016.02.13-13.48.53:747][ 38]Cmd: ACTOR DELETE
[2016.02.13-13.48.53:749][ 38]LogEditorActor: Deleted Actor: StaticMeshActor
[2016.02.13-13.48.53:774][ 38]LogEditorActor: Deleted 1 Actors (0.026 secs)
[2016.02.13-13.48.54:160][ 61]LogEditorViewport: Clicking on Actor (LMB): StaticMeshActor (EditorCube33)
[2016.02.13-13.48.54:521][ 79]Cmd: DELETE
[2016.02.13-13.48.54:521][ 79]Cmd: ACTOR DELETE
[2016.02.13-13.48.54:523][ 79]LogEditorActor: Deleted Actor: StaticMeshActor
[2016.02.13-13.48.54:546][ 79]LogEditorActor: Deleted 1 Actors (0.025 secs)
[2016.02.13-13.48.54:859][ 98]LogEditorViewport: Clicking on Actor (LMB): StaticMeshActor (EditorCube34)
[2016.02.13-13.48.55:239][117]Cmd: DELETE
[2016.02.13-13.48.55:239][117]Cmd: ACTOR DELETE
[2016.02.13-13.48.55:240][117]LogEditorActor: Deleted Actor: StaticMeshActor
[2016.02.13-13.48.55:263][117]LogEditorActor: Deleted 1 Actors (0.023 secs)
[2016.02.13-13.48.55:607][138]LogEditorViewport: Clicking on Actor (LMB): StaticMeshActor (EditorCube36)
[2016.02.13-13.48.55:975][156]Cmd: DELETE
[2016.02.13-13.48.55:975][156]Cmd: ACTOR DELETE
[2016.02.13-13.48.55:977][156]LogEditorActor: Deleted Actor: StaticMeshActor
[2016.02.13-13.48.55:999][156]LogEditorActor: Deleted 1 Actors (0.024 secs)
[2016.02.13-13.48.56:360][178]LogEditorViewport: Clicking on Actor (LMB): StaticMeshActor (EditorCube37)
[2016.02.13-13.48.56:791][200]Cmd: DELETE
[2016.02.13-13.48.56:791][200]Cmd: ACTOR DELETE
[2016.02.13-13.48.56:793][200]LogEditorActor: Deleted Actor: StaticMeshActor
[2016.02.13-13.48.56:815][200]LogEditorActor: Deleted 1 Actors (0.023 secs)
[2016.02.13-13.48.57:387][235]LogEditorViewport: Clicking on Actor (LMB): BP_Sky_Sphere_C (SkyShereBlueprint)
[2016.02.13-13.48.58:373][290]LogEditorViewport: Clicking on Actor (LMB): StaticMeshActor (EditorCube35)
[2016.02.13-13.48.58:714][306]Cmd: DELETE
[2016.02.13-13.48.58:714][306]Cmd: ACTOR DELETE
[2016.02.13-13.48.58:715][306]LogEditorActor: Deleted Actor: StaticMeshActor
[2016.02.13-13.48.58:736][306]LogEditorActor: Deleted 1 Actors (0.021 secs)
[2016.02.13-13.49.00:934][437]LogEditorViewport: Clicking on Actor (LMB): StaticMeshActor (TemplateCube_Rounded_31)
[2016.02.13-13.49.03:614][592]LogBlueprintUserMessages: Early PlayInEditor Detection: Level '/Game/RollingBP/Maps/RollingBPExampleMap.RollingBPExampleMap:PersistentLevel' has LevelScriptBlueprint '/Game/RollingBP/Maps/RollingBPExampleMap.RollingBPExampleMap:PersistentLevel.RollingBPExampleMap' with GeneratedClass '/Game/RollingBP/Maps/RollingBPExampleMap.RollingBPExampleMap_C' with ClassGeneratedBy '/Game/RollingBP/Maps/RollingBPExampleMap.RollingBPExampleMap:PersistentLevel.RollingBPExampleMap'
[2016.02.13-13.49.03:614][592]LogPlayLevel: PlayLevel: No blueprints needed recompiling
[2016.02.13-13.49.03:614][592]PIE: New page: PIEセッション: RollingBPExampleMap (2016/02/14 7:49:03)
[2016.02.13-13.49.03:614][592]LogPlayLevel: Creating play world package: /Game/RollingBP/Maps/UEDPIE_0_RollingBPExampleMap
[2016.02.13-13.49.03:641][592]LogPlayLevel: PIE: StaticDuplicateObject took: (0.026782s)
[2016.02.13-13.49.03:642][592]LogAIModule: Creating AISystem for world RollingBPExampleMap
[2016.02.13-13.49.03:642][592]LogPlayLevel: PIE: World Init took: (0.001087s)
[2016.02.13-13.49.03:643][592]LogPlayLevel: PIE: Created PIE world by copying editor world from /Game/RollingBP/Maps/RollingBPExampleMap.RollingBPExampleMap to /Game/RollingBP/Maps/UEDPIE_0_RollingBPExampleMap.RollingBPExampleMap (0.028158s)
[2016.02.13-13.49.03:674][592]LogInit: XAudio2 using 'スピーカー (Realtek High Definition Audio(SST))' : 2 channels at 48 kHz using 32 bits per sample (channel mask 0x3)
[2016.02.13-13.49.03:680][592]LogInit: FAudioDevice initialized.
[2016.02.13-13.49.03:716][592]LogWorld: Game class is 'RollingGameMode_C'
[2016.02.13-13.49.03:723][592]LogWorld: Bringing World /Game/RollingBP/Maps/UEDPIE_0_RollingBPExampleMap.RollingBPExampleMap up for play (max tick rate 60) at 2016.02.13-22.49.03
[2016.02.13-13.49.03:723][592]LogActor:Warning: GameSession /Game/RollingBP/Maps/UEDPIE_0_RollingBPExampleMap.RollingBPExampleMap:PersistentLevel.GameSession_6 has natively added scene component(s), but none of them were set as the actor's RootComponent - picking one arbitrarily
[2016.02.13-13.49.03:723][592]LogActor:Warning: GameNetworkManager /Game/RollingBP/Maps/UEDPIE_0_RollingBPExampleMap.RollingBPExampleMap:PersistentLevel.GameNetworkManager_6 has natively added scene component(s), but none of them were set as the actor's RootComponent - picking one arbitrarily
[2016.02.13-13.49.03:724][592]LogWorld: Bringing up level for play took: 0.006771
[2016.02.13-13.49.03:725][592]PIE: 情報 /Game/RollingBP/Maps/UEDPIE_0_RollingBPExampleMap -0.284のプレイ イン エディタの開始時間
[2016.02.13-13.49.03:725][592]LogBlueprintUserMessages: Late PlayInEditor Detection: Level '/Game/RollingBP/Maps/RollingBPExampleMap.RollingBPExampleMap:PersistentLevel' has LevelScriptBlueprint '/Game/RollingBP/Maps/RollingBPExampleMap.RollingBPExampleMap:PersistentLevel.RollingBPExampleMap' with GeneratedClass '/Game/RollingBP/Maps/RollingBPExampleMap.RollingBPExampleMap_C' with ClassGeneratedBy '/Game/RollingBP/Maps/RollingBPExampleMap.RollingBPExampleMap:PersistentLevel.RollingBPExampleMap'
[2016.02.13-13.49.09:029][904]LogBlueprintUserMessages: Early EndPlayMap Detection: Level '/Game/RollingBP/Maps/RollingBPExampleMap.RollingBPExampleMap:PersistentLevel' has LevelScriptBlueprint '/Game/RollingBP/Maps/RollingBPExampleMap.RollingBPExampleMap:PersistentLevel.RollingBPExampleMap' with GeneratedClass '/Game/RollingBP/Maps/RollingBPExampleMap.RollingBPExampleMap_C' with ClassGeneratedBy '/Game/RollingBP/Maps/RollingBPExampleMap.RollingBPExampleMap:PersistentLevel.RollingBPExampleMap'
[2016.02.13-13.49.09:085][904]LogBlueprintUserMessages: Late EndPlayMap Detection: Level '/Game/RollingBP/Maps/RollingBPExampleMap.RollingBPExampleMap:PersistentLevel' has LevelScriptBlueprint '/Game/RollingBP/Maps/RollingBPExampleMap.RollingBPExampleMap:PersistentLevel.RollingBPExampleMap' with GeneratedClass '/Game/RollingBP/Maps/RollingBPExampleMap.RollingBPExampleMap_C' with ClassGeneratedBy '/Game/RollingBP/Maps/RollingBPExampleMap.RollingBPExampleMap:PersistentLevel.RollingBPExampleMap'
[2016.02.13-13.49.09:137][905]LogParticles: Destroying 0 GPU particle simulations for FXSystem 0x000001716566CAE0
[2016.02.13-13.49.17:377][399]LogEditorViewport: Clicking on Actor (LMB): StaticMeshActor (Ground)
[2016.02.13-13.49.20:646][591]LogEditorViewport: Clicking on Actor (context menu): StaticMeshActor (Ground)
[2016.02.13-13.49.22:905][723]LogEditorViewport: Clicking on Actor (LMB): StaticMeshActor (Ground)
[2016.02.13-13.49.23:599][764]LogEditorViewport: Clicking on Actor (LMB): StaticMeshActor (Ground)
[2016.02.13-13.49.27:763][ 13]Cmd: CAMERA ALIGN ACTIVEVIEWPORTONLY
[2016.02.13-13.50.14:337][794]LogEditorViewport: Clicking on Actor (LMB): StaticMeshActor (Ground)
[2016.02.13-13.50.24:668][353]LogBlueprintUserMessages: Early PlayInEditor Detection: Level '/Game/RollingBP/Maps/RollingBPExampleMap.RollingBPExampleMap:PersistentLevel' has LevelScriptBlueprint '/Game/RollingBP/Maps/RollingBPExampleMap.RollingBPExampleMap:PersistentLevel.RollingBPExampleMap' with GeneratedClass '/Game/RollingBP/Maps/RollingBPExampleMap.RollingBPExampleMap_C' with ClassGeneratedBy '/Game/RollingBP/Maps/RollingBPExampleMap.RollingBPExampleMap:PersistentLevel.RollingBPExampleMap'
[2016.02.13-13.50.24:668][353]LogPlayLevel: PlayLevel: No blueprints needed recompiling
[2016.02.13-13.50.24:668][353]PIE: New page: PIEセッション: RollingBPExampleMap (2016/02/14 7:50:24)
[2016.02.13-13.50.24:668][353]LogPlayLevel: Creating play world package: /Game/RollingBP/Maps/UEDPIE_0_RollingBPExampleMap
[2016.02.13-13.50.24:697][353]LogPlayLevel: PIE: StaticDuplicateObject took: (0.028436s)
[2016.02.13-13.50.24:698][353]LogAIModule: Creating AISystem for world RollingBPExampleMap
[2016.02.13-13.50.24:698][353]LogPlayLevel: PIE: World Init took: (0.001174s)
[2016.02.13-13.50.24:698][353]LogPlayLevel: PIE: Created PIE world by copying editor world from /Game/RollingBP/Maps/RollingBPExampleMap.RollingBPExampleMap to /Game/RollingBP/Maps/UEDPIE_0_RollingBPExampleMap.RollingBPExampleMap (0.029952s)
[2016.02.13-13.50.24:734][353]LogInit: XAudio2 using 'スピーカー (Realtek High Definition Audio(SST))' : 2 channels at 48 kHz using 32 bits per sample (channel mask 0x3)
[2016.02.13-13.50.24:741][353]LogInit: FAudioDevice initialized.
[2016.02.13-13.50.24:773][353]LogWorld: Game class is 'RollingGameMode_C'
[2016.02.13-13.50.24:781][353]LogWorld: Bringing World /Game/RollingBP/Maps/UEDPIE_0_RollingBPExampleMap.RollingBPExampleMap up for play (max tick rate 60) at 2016.02.13-22.50.24
[2016.02.13-13.50.24:781][353]LogActor:Warning: GameSession /Game/RollingBP/Maps/UEDPIE_0_RollingBPExampleMap.RollingBPExampleMap:PersistentLevel.GameSession_7 has natively added scene component(s), but none of them were set as the actor's RootComponent - picking one arbitrarily
[2016.02.13-13.50.24:781][353]LogActor:Warning: GameNetworkManager /Game/RollingBP/Maps/UEDPIE_0_RollingBPExampleMap.RollingBPExampleMap:PersistentLevel.GameNetworkManager_7 has natively added scene component(s), but none of them were set as the actor's RootComponent - picking one arbitrarily
[2016.02.13-13.50.24:782][353]LogWorld: Bringing up level for play took: 0.008377
[2016.02.13-13.50.24:783][353]PIE: 情報 /Game/RollingBP/Maps/UEDPIE_0_RollingBPExampleMap 0.774のプレイ イン エディタの開始時間
[2016.02.13-13.50.24:783][353]LogBlueprintUserMessages: Late PlayInEditor Detection: Level '/Game/RollingBP/Maps/RollingBPExampleMap.RollingBPExampleMap:PersistentLevel' has LevelScriptBlueprint '/Game/RollingBP/Maps/RollingBPExampleMap.RollingBPExampleMap:PersistentLevel.RollingBPExampleMap' with GeneratedClass '/Game/RollingBP/Maps/RollingBPExampleMap.RollingBPExampleMap_C' with ClassGeneratedBy '/Game/RollingBP/Maps/RollingBPExampleMap.RollingBPExampleMap:PersistentLevel.RollingBPExampleMap'
[2016.02.13-13.50.30:540][690]LogBlueprintUserMessages: Early EndPlayMap Detection: Level '/Game/RollingBP/Maps/RollingBPExampleMap.RollingBPExampleMap:PersistentLevel' has LevelScriptBlueprint '/Game/RollingBP/Maps/RollingBPExampleMap.RollingBPExampleMap:PersistentLevel.RollingBPExampleMap' with GeneratedClass '/Game/RollingBP/Maps/RollingBPExampleMap.RollingBPExampleMap_C' with ClassGeneratedBy '/Game/RollingBP/Maps/RollingBPExampleMap.RollingBPExampleMap:PersistentLevel.RollingBPExampleMap'
[2016.02.13-13.50.30:610][690]LogBlueprintUserMessages: Late EndPlayMap Detection: Level '/Game/RollingBP/Maps/RollingBPExampleMap.RollingBPExampleMap:PersistentLevel' has LevelScriptBlueprint '/Game/RollingBP/Maps/RollingBPExampleMap.RollingBPExampleMap:PersistentLevel.RollingBPExampleMap' with GeneratedClass '/Game/RollingBP/Maps/RollingBPExampleMap.RollingBPExampleMap_C' with ClassGeneratedBy '/Game/RollingBP/Maps/RollingBPExampleMap.RollingBPExampleMap:PersistentLevel.RollingBPExampleMap'
[2016.02.13-13.50.30:674][691]LogParticles: Destroying 0 GPU particle simulations for FXSystem 0x000001714FF61580
[2016.02.13-13.50.37:645][107]LogEditorViewport: Clicking on Actor (LMB): StaticMeshActor (Ground)
[2016.02.13-13.50.38:958][185]Cmd: CAMERA ALIGN ACTIVEVIEWPORTONLY
[2016.02.13-13.50.43:425][453]LogEditorViewport: Clicking on Actor (LMB): TextRenderActor (TemplateLabel)
[2016.02.13-13.50.45:029][546]LogEditorViewport: Clicking on Actor (LMB): TextRenderActor (TemplateLabel)
[2016.02.13-13.50.45:098][549]LogEditorViewport: Clicking on Component (LMB): TextRenderComponent (NewTextRenderComponent)
[2016.02.13-13.50.45:152][550]LogEditorViewport: Clicking on Component (LMB): TextRenderComponent (NewTextRenderComponent)
[2016.02.13-13.50.45:616][577]LogEditorViewport: Clicking on Component (LMB): TextRenderComponent (NewTextRenderComponent)
[2016.02.13-13.50.45:631][577]LogEditorViewport: Clicking on Actor (double click): TextRenderActor (TemplateLabel)
[2016.02.13-13.50.45:912][592]LogEditorViewport: Clicking on Actor (LMB): TextRenderActor (TemplateLabel)
[2016.02.13-13.50.45:967][594]LogEditorViewport: Clicking on Component (LMB): TextRenderComponent (NewTextRenderComponent)
[2016.02.13-13.50.53:003][ 13]LogEditorViewport: Clicking on Actor (LMB): PostProcessVolume (PostProcessVolume)
[2016.02.13-13.50.54:242][ 82]LogEditorViewport: Clicking on Actor (LMB): PostProcessVolume (PostProcessVolume)
[2016.02.13-13.50.55:349][148]LogEditorViewport: Clicking on Actor (LMB): StaticMeshActor (Ground)
[2016.02.13-13.50.56:528][214]LogEditorViewport: Clicking on Actor (LMB): StaticMeshActor (Ground)
[2016.02.13-13.50.57:524][273]LogEditorViewport: Clicking on Actor (LMB): TextRenderActor (TemplateLabel)
[2016.02.13-13.50.59:144][367]Cmd: DELETE
[2016.02.13-13.50.59:144][367]Cmd: ACTOR DELETE
[2016.02.13-13.50.59:146][367]LogEditorActor: Deleted Actor: TextRenderActor
[2016.02.13-13.50.59:167][367]LogEditorActor: Deleted 1 Actors (0.023 secs)
[2016.02.13-13.51.02:414][560]LogBlueprintUserMessages: Early PlayInEditor Detection: Level '/Game/RollingBP/Maps/RollingBPExampleMap.RollingBPExampleMap:PersistentLevel' has LevelScriptBlueprint '/Game/RollingBP/Maps/RollingBPExampleMap.RollingBPExampleMap:PersistentLevel.RollingBPExampleMap' with GeneratedClass '/Game/RollingBP/Maps/RollingBPExampleMap.RollingBPExampleMap_C' with ClassGeneratedBy '/Game/RollingBP/Maps/RollingBPExampleMap.RollingBPExampleMap:PersistentLevel.RollingBPExampleMap'
[2016.02.13-13.51.02:414][560]LogPlayLevel: PlayLevel: No blueprints needed recompiling
[2016.02.13-13.51.02:414][560]PIE: New page: PIEセッション: RollingBPExampleMap (2016/02/14 7:51:02)
[2016.02.13-13.51.02:414][560]LogPlayLevel: Creating play world package: /Game/RollingBP/Maps/UEDPIE_0_RollingBPExampleMap
[2016.02.13-13.51.02:439][560]LogPlayLevel: PIE: StaticDuplicateObject took: (0.024141s)
[2016.02.13-13.51.02:439][560]LogAIModule: Creating AISystem for world RollingBPExampleMap
[2016.02.13-13.51.02:440][560]LogPlayLevel: PIE: World Init took: (0.001084s)
[2016.02.13-13.51.02:440][560]LogPlayLevel: PIE: Created PIE world by copying editor world from /Game/RollingBP/Maps/RollingBPExampleMap.RollingBPExampleMap to /Game/RollingBP/Maps/UEDPIE_0_RollingBPExampleMap.RollingBPExampleMap (0.025516s)
[2016.02.13-13.51.02:467][560]LogInit: XAudio2 using 'スピーカー (Realtek High Definition Audio(SST))' : 2 channels at 48 kHz using 32 bits per sample (channel mask 0x3)
[2016.02.13-13.51.02:474][560]LogInit: FAudioDevice initialized.
[2016.02.13-13.51.02:507][560]LogWorld: Game class is 'RollingGameMode_C'
[2016.02.13-13.51.02:513][560]LogWorld: Bringing World /Game/RollingBP/Maps/UEDPIE_0_RollingBPExampleMap.RollingBPExampleMap up for play (max tick rate 60) at 2016.02.13-22.51.02
[2016.02.13-13.51.02:514][560]LogActor:Warning: GameSession /Game/RollingBP/Maps/UEDPIE_0_RollingBPExampleMap.RollingBPExampleMap:PersistentLevel.GameSession_8 has natively added scene component(s), but none of them were set as the actor's RootComponent - picking one arbitrarily
[2016.02.13-13.51.02:514][560]LogActor:Warning: GameNetworkManager /Game/RollingBP/Maps/UEDPIE_0_RollingBPExampleMap.RollingBPExampleMap:PersistentLevel.GameNetworkManager_8 has natively added scene component(s), but none of them were set as the actor's RootComponent - picking one arbitrarily
[2016.02.13-13.51.02:514][560]LogWorld: Bringing up level for play took: 0.006696
[2016.02.13-13.51.02:515][560]PIE: 情報 /Game/RollingBP/Maps/UEDPIE_0_RollingBPExampleMap 0.506のプレイ イン エディタの開始時間
[2016.02.13-13.51.02:515][560]LogBlueprintUserMessages: Late PlayInEditor Detection: Level '/Game/RollingBP/Maps/RollingBPExampleMap.RollingBPExampleMap:PersistentLevel' has LevelScriptBlueprint '/Game/RollingBP/Maps/RollingBPExampleMap.RollingBPExampleMap:PersistentLevel.RollingBPExampleMap' with GeneratedClass '/Game/RollingBP/Maps/RollingBPExampleMap.RollingBPExampleMap_C' with ClassGeneratedBy '/Game/RollingBP/Maps/RollingBPExampleMap.RollingBPExampleMap:PersistentLevel.RollingBPExampleMap'
[2016.02.13-13.51.04:255][661]LogBlueprintUserMessages: Early EndPlayMap Detection: Level '/Game/RollingBP/Maps/RollingBPExampleMap.RollingBPExampleMap:PersistentLevel' has LevelScriptBlueprint '/Game/RollingBP/Maps/RollingBPExampleMap.RollingBPExampleMap:PersistentLevel.RollingBPExampleMap' with GeneratedClass '/Game/RollingBP/Maps/RollingBPExampleMap.RollingBPExampleMap_C' with ClassGeneratedBy '/Game/RollingBP/Maps/RollingBPExampleMap.RollingBPExampleMap:PersistentLevel.RollingBPExampleMap'
[2016.02.13-13.51.04:290][661]LogBlueprintUserMessages: Late EndPlayMap Detection: Level '/Game/RollingBP/Maps/RollingBPExampleMap.RollingBPExampleMap:PersistentLevel' has LevelScriptBlueprint '/Game/RollingBP/Maps/RollingBPExampleMap.RollingBPExampleMap:PersistentLevel.RollingBPExampleMap' with GeneratedClass '/Game/RollingBP/Maps/RollingBPExampleMap.RollingBPExampleMap_C' with ClassGeneratedBy '/Game/RollingBP/Maps/RollingBPExampleMap.RollingBPExampleMap:PersistentLevel.RollingBPExampleMap'
[2016.02.13-13.51.04:331][662]LogParticles: Destroying 0 GPU particle simulations for FXSystem 0x000001713A634D60
[2016.02.13-13.51.07:997][881]LogEditorViewport: Clicking on Actor (LMB): StaticMeshActor (Ground)
[2016.02.13-13.51.21:128][656]LogBlueprintUserMessages: Early PlayInEditor Detection: Level '/Game/RollingBP/Maps/RollingBPExampleMap.RollingBPExampleMap:PersistentLevel' has LevelScriptBlueprint '/Game/RollingBP/Maps/RollingBPExampleMap.RollingBPExampleMap:PersistentLevel.RollingBPExampleMap' with GeneratedClass '/Game/RollingBP/Maps/RollingBPExampleMap.RollingBPExampleMap_C' with ClassGeneratedBy '/Game/RollingBP/Maps/RollingBPExampleMap.RollingBPExampleMap:PersistentLevel.RollingBPExampleMap'
[2016.02.13-13.51.21:128][656]LogPlayLevel: PlayLevel: No blueprints needed recompiling
[2016.02.13-13.51.21:128][656]PIE: New page: PIEセッション: RollingBPExampleMap (2016/02/14 7:51:21)
[2016.02.13-13.51.21:128][656]LogPlayLevel: Creating play world package: /Game/RollingBP/Maps/UEDPIE_0_RollingBPExampleMap
[2016.02.13-13.51.21:156][656]LogPlayLevel: PIE: StaticDuplicateObject took: (0.027674s)
[2016.02.13-13.51.21:157][656]LogAIModule: Creating AISystem for world RollingBPExampleMap
[2016.02.13-13.51.21:157][656]LogPlayLevel: PIE: World Init took: (0.001279s)
[2016.02.13-13.51.21:158][656]LogPlayLevel: PIE: Created PIE world by copying editor world from /Game/RollingBP/Maps/RollingBPExampleMap.RollingBPExampleMap to /Game/RollingBP/Maps/UEDPIE_0_RollingBPExampleMap.RollingBPExampleMap (0.029373s)
[2016.02.13-13.51.21:186][656]LogInit: XAudio2 using 'スピーカー (Realtek High Definition Audio(SST))' : 2 channels at 48 kHz using 32 bits per sample (channel mask 0x3)
[2016.02.13-13.51.21:192][656]LogInit: FAudioDevice initialized.
[2016.02.13-13.51.21:226][656]LogWorld: Game class is 'RollingGameMode_C'
[2016.02.13-13.51.21:233][656]LogWorld: Bringing World /Game/RollingBP/Maps/UEDPIE_0_RollingBPExampleMap.RollingBPExampleMap up for play (max tick rate 60) at 2016.02.13-22.51.21
[2016.02.13-13.51.21:233][656]LogActor:Warning: GameSession /Game/RollingBP/Maps/UEDPIE_0_RollingBPExampleMap.RollingBPExampleMap:PersistentLevel.GameSession_9 has natively added scene component(s), but none of them were set as the actor's RootComponent - picking one arbitrarily
[2016.02.13-13.51.21:234][656]LogActor:Warning: GameNetworkManager /Game/RollingBP/Maps/UEDPIE_0_RollingBPExampleMap.RollingBPExampleMap:PersistentLevel.GameNetworkManager_9 has natively added scene component(s), but none of them were set as the actor's RootComponent - picking one arbitrarily
[2016.02.13-13.51.21:234][656]LogWorld: Bringing up level for play took: 0.007666
[2016.02.13-13.51.21:235][656]PIE: 情報 /Game/RollingBP/Maps/UEDPIE_0_RollingBPExampleMap -0.774のプレイ イン エディタの開始時間
[2016.02.13-13.51.21:235][656]LogBlueprintUserMessages: Late PlayInEditor Detection: Level '/Game/RollingBP/Maps/RollingBPExampleMap.RollingBPExampleMap:PersistentLevel' has LevelScriptBlueprint '/Game/RollingBP/Maps/RollingBPExampleMap.RollingBPExampleMap:PersistentLevel.RollingBPExampleMap' with GeneratedClass '/Game/RollingBP/Maps/RollingBPExampleMap.RollingBPExampleMap_C' with ClassGeneratedBy '/Game/RollingBP/Maps/RollingBPExampleMap.RollingBPExampleMap:PersistentLevel.RollingBPExampleMap'
[2016.02.13-13.51.27:660][ 38]LogBlueprintUserMessages: Early EndPlayMap Detection: Level '/Game/RollingBP/Maps/RollingBPExampleMap.RollingBPExampleMap:PersistentLevel' has LevelScriptBlueprint '/Game/RollingBP/Maps/RollingBPExampleMap.RollingBPExampleMap:PersistentLevel.RollingBPExampleMap' with GeneratedClass '/Game/RollingBP/Maps/RollingBPExampleMap.RollingBPExampleMap_C' with ClassGeneratedBy '/Game/RollingBP/Maps/RollingBPExampleMap.RollingBPExampleMap:PersistentLevel.RollingBPExampleMap'
[2016.02.13-13.51.27:734][ 38]LogBlueprintUserMessages: Late EndPlayMap Detection: Level '/Game/RollingBP/Maps/RollingBPExampleMap.RollingBPExampleMap:PersistentLevel' has LevelScriptBlueprint '/Game/RollingBP/Maps/RollingBPExampleMap.RollingBPExampleMap:PersistentLevel.RollingBPExampleMap' with GeneratedClass '/Game/RollingBP/Maps/RollingBPExampleMap.RollingBPExampleMap_C' with ClassGeneratedBy '/Game/RollingBP/Maps/RollingBPExampleMap.RollingBPExampleMap:PersistentLevel.RollingBPExampleMap'
[2016.02.13-13.51.27:798][ 39]LogParticles: Destroying 0 GPU particle simulations for FXSystem 0x000001715E5DCF40
[2016.02.13-13.51.31:849][282]LogEditorViewport: Clicking on Actor (LMB): StaticMeshActor (Ground)
[2016.02.13-13.51.33:112][357]LogEditorViewport: Clicking on Actor (LMB): StaticMeshActor (TemplateCube_Rounded)
[2016.02.13-13.51.39:644][742]LogEditorViewport: Clicking on Actor (LMB): SkyLight (SkyLight)
[2016.02.13-13.51.42:426][905]LogEditorViewport: Clicking on Actor (LMB): StaticMeshActor (TemplateCube_Rounded_8)
[2016.02.13-13.51.45:156][ 63]LogEditorViewport: Clicking on Actor (LMB): StaticMeshActor (TemplateCube_Rounded_3)
[2016.02.13-13.51.46:310][127]Cmd: DELETE
[2016.02.13-13.51.46:310][127]Cmd: ACTOR DELETE
[2016.02.13-13.51.46:312][127]LogEditorActor: Deleted Actor: StaticMeshActor
[2016.02.13-13.51.46:333][127]LogEditorActor: Deleted 1 Actors (0.023 secs)
[2016.02.13-13.51.46:910][162]LogEditorViewport: Clicking on Actor (LMB): StaticMeshActor (TemplateCube_Rounded)
[2016.02.13-13.51.47:540][196]Cmd: DELETE
[2016.02.13-13.51.47:540][196]Cmd: ACTOR DELETE
[2016.02.13-13.51.47:542][196]LogEditorActor: Deleted Actor: StaticMeshActor
[2016.02.13-13.51.47:562][196]LogEditorActor: Deleted 1 Actors (0.021 secs)
[2016.02.13-13.51.52:330][482]LogEditorViewport: Clicking on Actor (LMB): StaticMeshActor (TemplateCube_Rounded_4)
[2016.02.13-13.51.53:240][533]Cmd: DELETE
[2016.02.13-13.51.53:240][533]Cmd: ACTOR DELETE
[2016.02.13-13.51.53:241][533]LogEditorActor: Deleted Actor: StaticMeshActor
[2016.02.13-13.51.53:262][533]LogEditorActor: Deleted 1 Actors (0.022 secs)
[2016.02.13-13.51.56:565][731]LogEditorViewport: Clicking on Actor (LMB): StaticMeshActor (TemplateCube_Rounded_2)
[2016.02.13-13.51.57:943][810]Cmd: DELETE
[2016.02.13-13.51.57:943][810]Cmd: ACTOR DELETE
[2016.02.13-13.51.57:944][810]LogEditorActor: Deleted Actor: StaticMeshActor
[2016.02.13-13.51.57:964][810]LogEditorActor: Deleted 1 Actors (0.021 secs)
[2016.02.13-13.52.23:342][331]LogEditorViewport: Clicking on Actor (LMB): StaticMeshActor (TemplateCube_Rounded_52)
[2016.02.13-13.52.24:753][411]LogEditorViewport: Clicking on Actor (LMB): StaticMeshActor (Ground)
[2016.02.13-13.52.25:913][477]LogEditorViewport: Clicking on Actor (LMB): StaticMeshActor (TemplateCube_Rounded_52)
[2016.02.13-13.53.09:045][ 52]LogEditorViewport: Clicking on Actor (LMB): StaticMeshActor (TemplateCube_Rounded_51)
[2016.02.13-13.53.19:119][644]Cmd: TRANSACTION UNDO
[2016.02.13-13.53.19:119][644]LogEditorTransaction: Undo アクタ を移動
[2016.02.13-13.53.46:878][156]LogSavePackage: Save=1974.146484ms
[2016.02.13-13.53.46:878][156]LogSavePackage: Moving '../../../../../../Users/kotaoue/Documents/Unreal Projects/DJYamabiko/Saved/RollingBPExampleMap_Auto1B2D4CFAF4827BC3053A216A100A5FE1B.tmp' to '../../../../../../Users/kotaoue/Documents/Unreal Projects/DJYamabiko/Saved/Autosaves/Game/RollingBP/Maps/RollingBPExampleMap_Auto1.umap'
[2016.02.13-13.53.46:880][156]LogSavePackage: Total save time: 2055.364992ms
[2016.02.13-13.53.46:880][156]LogSavePackage:Display: Finished SavePackage ../../../../../../Users/kotaoue/Documents/Unreal Projects/DJYamabiko/Saved/Autosaves/Game/RollingBP/Maps/RollingBPExampleMap_Auto1.umap
[2016.02.13-13.53.46:911][156]LogFileHelpers: Editor autosave (incl. sublevels) for '/Game/RollingBP/Maps/RollingBPExampleMap' took 2.141
[2016.02.13-13.53.46:911][156]LogFileHelpers: Editor autosave (incl. sublevels) for all levels took 2.141
[2016.02.13-13.54.15:121][847]LogEditorViewport: Clicking on Actor (LMB): StaticMeshActor (Ground)
[2016.02.13-13.54.15:291][853]LogEditorViewport: Clicking on Component (CTRL LMB): StaticMeshComponent (StaticMeshComponent0)
[2016.02.13-13.54.19:082][ 74]LogEditorViewport: Clicking on Actor (LMB): StaticMeshActor (TemplateCube_Rounded_42)
[2016.02.13-13.54.41:291][367]LogEditorViewport: Clicking on Actor (LMB): BP_Sky_Sphere_C (SkyShereBlueprint)
[2016.02.13-13.54.42:880][459]LogEditorViewport: Clicking on Actor (LMB): StaticMeshActor (TemplateCube_Rounded_42)
[2016.02.13-13.54.47:098][704]Cmd: TRANSACTION UNDO
[2016.02.13-13.54.47:098][704]LogEditorTransaction: Undo アクタ を移動
[2016.02.13-13.54.47:099][704]LogActorComponent: ~FComponentReregisterContext: (/Game/RollingBP/Maps/RollingBPExampleMap.RollingBPExampleMap:PersistentLevel.TemplateCube_Rounded_39.StaticMeshComponent0) Component already registered.
[2016.02.13-13.54.47:100][704]LogActorComponent: ~FComponentReregisterContext: (/Game/RollingBP/Maps/RollingBPExampleMap.RollingBPExampleMap:PersistentLevel.TemplateCube_Rounded_42.StaticMeshComponent0) Component already registered.
[2016.02.13-13.54.49:069][811]LogEditorViewport: Clicking on Actor (LMB): StaticMeshActor (TemplateCube_Rounded_33)
[2016.02.13-13.54.50:000][866]LogEditorViewport: Clicking on Actor (LMB): BP_Sky_Sphere_C (SkyShereBlueprint)
[2016.02.13-13.54.50:827][912]LogEditorViewport: Clicking on Actor (LMB): StaticMeshActor (TemplateCube_Rounded_31)
[2016.02.13-13.54.51:844][969]LogEditorViewport: Clicking on Actor (context menu): StaticMeshActor (TemplateCube_Rounded_31)
[2016.02.13-13.54.56:841][261]LogEditorViewport: Clicking on Actor (LMB): StaticMeshActor (TemplateCube_Rounded_31)
[2016.02.13-13.55.01:169][515]Cmd: DELETE
[2016.02.13-13.55.01:169][515]Cmd: ACTOR DELETE
[2016.02.13-13.55.01:170][515]LogEditorActor: Deleted Actor: StaticMeshActor
[2016.02.13-13.55.01:191][515]LogEditorActor: Deleted 1 Actors (0.022 secs)
[2016.02.13-13.55.01:675][543]LogEditorViewport: Clicking on Actor (LMB): StaticMeshActor (TemplateCube_Rounded_42)
[2016.02.13-13.55.01:962][556]Cmd: DELETE
[2016.02.13-13.55.01:962][556]Cmd: ACTOR DELETE
[2016.02.13-13.55.01:963][556]LogEditorActor: Deleted Actor: StaticMeshActor
[2016.02.13-13.55.01:983][556]LogEditorActor: Deleted 1 Actors (0.021 secs)
[2016.02.13-13.55.02:514][588]LogEditorViewport: Clicking on Actor (LMB): StaticMeshActor (TemplateCube_Rounded_33)
[2016.02.13-13.55.02:803][601]Cmd: DELETE
[2016.02.13-13.55.02:803][601]Cmd: ACTOR DELETE
[2016.02.13-13.55.02:804][601]LogEditorActor: Deleted Actor: StaticMeshActor
[2016.02.13-13.55.02:828][601]LogEditorActor: Deleted 1 Actors (0.025 secs)
[2016.02.13-13.55.03:194][623]LogEditorViewport: Clicking on Actor (LMB): StaticMeshActor (TemplateCube_Rounded_34)
[2016.02.13-13.55.03:488][637]Cmd: DELETE
[2016.02.13-13.55.03:488][637]Cmd: ACTOR DELETE
[2016.02.13-13.55.03:490][637]LogEditorActor: Deleted Actor: StaticMeshActor
[2016.02.13-13.55.03:517][637]LogEditorActor: Deleted 1 Actors (0.028 secs)
[2016.02.13-13.55.04:031][668]LogEditorViewport: Clicking on Actor (LMB): StaticMeshActor (TemplateCube_Rounded_35)
[2016.02.13-13.55.04:388][686]Cmd: DELETE
[2016.02.13-13.55.04:388][686]Cmd: ACTOR DELETE
[2016.02.13-13.55.04:389][686]LogEditorActor: Deleted Actor: StaticMeshActor
[2016.02.13-13.55.04:411][686]LogEditorActor: Deleted 1 Actors (0.023 secs)
[2016.02.13-13.55.04:971][720]LogEditorViewport: Clicking on Actor (LMB): StaticMeshActor (TemplateCube_Rounded_36)
[2016.02.13-13.55.05:282][735]Cmd: DELETE
[2016.02.13-13.55.05:282][735]Cmd: ACTOR DELETE
[2016.02.13-13.55.05:283][735]LogEditorActor: Deleted Actor: StaticMeshActor
[2016.02.13-13.55.05:303][735]LogEditorActor: Deleted 1 Actors (0.021 secs)
[2016.02.13-13.55.09:003][956]LogEditorViewport: Clicking on Actor (LMB): StaticMeshActor (TemplateCube_Rounded_39)
[2016.02.13-13.55.09:330][971]Cmd: DELETE
[2016.02.13-13.55.09:330][971]Cmd: ACTOR DELETE
[2016.02.13-13.55.09:332][971]LogEditorActor: Deleted Actor: StaticMeshActor
[2016.02.13-13.55.09:353][971]LogEditorActor: Deleted 1 Actors (0.022 secs)
[2016.02.13-13.55.09:865][  2]LogEditorViewport: Clicking on Actor (LMB): StaticMeshActor (TemplateCube_Rounded_38)
[2016.02.13-13.55.10:111][ 13]Cmd: DELETE
[2016.02.13-13.55.10:111][ 13]Cmd: ACTOR DELETE
[2016.02.13-13.55.10:114][ 13]LogEditorActor: Deleted Actor: StaticMeshActor
[2016.02.13-13.55.10:145][ 13]LogEditorActor: Deleted 1 Actors (0.033 secs)
[2016.02.13-13.55.16:288][380]LogEditorViewport: Clicking on Actor (double click): StaticMeshActor (Ground)
[2016.02.13-13.55.18:115][486]LogEditorViewport: Clicking on Actor (LMB): StaticMeshActor (Ground)
[2016.02.13-13.55.19:656][575]LogBlueprintUserMessages: Early PlayInEditor Detection: Level '/Game/RollingBP/Maps/RollingBPExampleMap.RollingBPExampleMap:PersistentLevel' has LevelScriptBlueprint '/Game/RollingBP/Maps/RollingBPExampleMap.RollingBPExampleMap:PersistentLevel.RollingBPExampleMap' with GeneratedClass '/Game/RollingBP/Maps/RollingBPExampleMap.RollingBPExampleMap_C' with ClassGeneratedBy '/Game/RollingBP/Maps/RollingBPExampleMap.RollingBPExampleMap:PersistentLevel.RollingBPExampleMap'
[2016.02.13-13.55.19:656][575]LogPlayLevel: PlayLevel: No blueprints needed recompiling
[2016.02.13-13.55.19:656][575]PIE: New page: PIEセッション: RollingBPExampleMap (2016/02/14 7:55:19)
[2016.02.13-13.55.19:656][575]LogPlayLevel: Creating play world package: /Game/RollingBP/Maps/UEDPIE_0_RollingBPExampleMap
[2016.02.13-13.55.19:681][575]LogPlayLevel: PIE: StaticDuplicateObject took: (0.024364s)
[2016.02.13-13.55.19:682][575]LogAIModule: Creating AISystem for world RollingBPExampleMap
[2016.02.13-13.55.19:682][575]LogPlayLevel: PIE: World Init took: (0.001090s)
[2016.02.13-13.55.19:682][575]LogPlayLevel: PIE: Created PIE world by copying editor world from /Game/RollingBP/Maps/RollingBPExampleMap.RollingBPExampleMap to /Game/RollingBP/Maps/UEDPIE_0_RollingBPExampleMap.RollingBPExampleMap (0.025773s)
[2016.02.13-13.55.19:713][575]LogInit: XAudio2 using 'スピーカー (Realtek High Definition Audio(SST))' : 2 channels at 48 kHz using 32 bits per sample (channel mask 0x3)
[2016.02.13-13.55.19:719][575]LogInit: FAudioDevice initialized.
[2016.02.13-13.55.19:756][575]LogWorld: Game class is 'RollingGameMode_C'
[2016.02.13-13.55.19:761][575]LogWorld: Bringing World /Game/RollingBP/Maps/UEDPIE_0_RollingBPExampleMap.RollingBPExampleMap up for play (max tick rate 60) at 2016.02.13-22.55.19
[2016.02.13-13.55.19:761][575]LogActor:Warning: GameSession /Game/RollingBP/Maps/UEDPIE_0_RollingBPExampleMap.RollingBPExampleMap:PersistentLevel.GameSession_10 has natively added scene component(s), but none of them were set as the actor's RootComponent - picking one arbitrarily
[2016.02.13-13.55.19:761][575]LogActor:Warning: GameNetworkManager /Game/RollingBP/Maps/UEDPIE_0_RollingBPExampleMap.RollingBPExampleMap:PersistentLevel.GameNetworkManager_10 has natively added scene component(s), but none of them were set as the actor's RootComponent - picking one arbitrarily
[2016.02.13-13.55.19:761][575]LogWorld: Bringing up level for play took: 0.004751
[2016.02.13-13.55.19:762][575]PIE: 情報 /Game/RollingBP/Maps/UEDPIE_0_RollingBPExampleMap -0.247のプレイ イン エディタの開始時間
[2016.02.13-13.55.19:762][575]LogBlueprintUserMessages: Late PlayInEditor Detection: Level '/Game/RollingBP/Maps/RollingBPExampleMap.RollingBPExampleMap:PersistentLevel' has LevelScriptBlueprint '/Game/RollingBP/Maps/RollingBPExampleMap.RollingBPExampleMap:PersistentLevel.RollingBPExampleMap' with GeneratedClass '/Game/RollingBP/Maps/RollingBPExampleMap.RollingBPExampleMap_C' with ClassGeneratedBy '/Game/RollingBP/Maps/RollingBPExampleMap.RollingBPExampleMap:PersistentLevel.RollingBPExampleMap'
[2016.02.13-13.55.24:038][827]LogBlueprintUserMessages: Early EndPlayMap Detection: Level '/Game/RollingBP/Maps/RollingBPExampleMap.RollingBPExampleMap:PersistentLevel' has LevelScriptBlueprint '/Game/RollingBP/Maps/RollingBPExampleMap.RollingBPExampleMap:PersistentLevel.RollingBPExampleMap' with GeneratedClass '/Game/RollingBP/Maps/RollingBPExampleMap.RollingBPExampleMap_C' with ClassGeneratedBy '/Game/RollingBP/Maps/RollingBPExampleMap.RollingBPExampleMap:PersistentLevel.RollingBPExampleMap'
[2016.02.13-13.55.24:107][827]LogBlueprintUserMessages: Late EndPlayMap Detection: Level '/Game/RollingBP/Maps/RollingBPExampleMap.RollingBPExampleMap:PersistentLevel' has LevelScriptBlueprint '/Game/RollingBP/Maps/RollingBPExampleMap.RollingBPExampleMap:PersistentLevel.RollingBPExampleMap' with GeneratedClass '/Game/RollingBP/Maps/RollingBPExampleMap.RollingBPExampleMap_C' with ClassGeneratedBy '/Game/RollingBP/Maps/RollingBPExampleMap.RollingBPExampleMap:PersistentLevel.RollingBPExampleMap'
[2016.02.13-13.55.24:164][828]LogParticles: Destroying 0 GPU particle simulations for FXSystem 0x000001714FD6A980
[2016.02.13-13.55.24:887][871]MapCheck: New page: マップをチェック
[2016.02.13-13.55.24:930][871]Cmd: MAP REBUILD ALLVISIBLE
[2016.02.13-13.55.24:931][871]LogEditorServer: Rebuildmap Clear paths rebuilt
[2016.02.13-13.55.25:012][871]MapCheck:Warning: 警告 WorldInfo_0 Hierarchical LOD System is disabled or no HLOD level settings available, unable to build LOD actors. 
[2016.02.13-13.55.25:012][871]LogStats:          STAT_HLOD_BuildClusters - 31.308 ms
[2016.02.13-13.55.25:012][871]LightingResults: New page: ライティングのビルド - 2016/02/14 7:55:25
[2016.02.13-13.55.28:381][871]LogStaticLightingSystem: Running Lightmass w/ ImmediateImport mode ENABLED
[2016.02.13-13.55.28:381][871]LogStaticLightingSystem: Running Lightmass w/ ImmediateProcess mode ENABLED
[2016.02.13-13.55.28:381][871]LogStaticLightingSystem: Running Lightmass w/ Sorting mode ENABLED
[2016.02.13-13.55.28:381][871]LogStaticLightingSystem: Running Lightmass w/ Mapping paddings ENABLED
[2016.02.13-13.55.28:381][871]LogStaticLightingSystem: Running Lightmass w/ Mapping debug paddings DISABLED
[2016.02.13-13.55.28:511][871]LogEditorBuildUtils: Build time 0:00:03
[2016.02.13-13.55.49:050][ 65]Job is a success!
[2016.02.13-13.55.49:665][ 66]LogTexture:Display: テクスチャをビルド中: SkyOcclusion0_1 (AutoDXT)
[2016.02.13-13.55.49:937][ 66]LogTexture:Display: テクスチャをビルド中: LQ_Lightmap_0_12 (DXT1)
[2016.02.13-13.55.49:942][ 66]LogTexture:Display: テクスチャをビルド中: HQ_Lightmap0_12 (AutoDXT)
[2016.02.13-13.55.49:942][ 66]LogTexture:Display: テクスチャをビルド中: SkyOcclusion0_12 (AutoDXT)
[2016.02.13-13.55.49:945][ 66]LogTexture:Display: テクスチャをビルド中: LQ_Lightmap_0_11 (DXT1)
[2016.02.13-13.55.49:954][ 66]LogTexture:Display: テクスチャをビルド中: HQ_Lightmap0_11 (AutoDXT)
[2016.02.13-13.55.49:979][ 66]LogTexture:Display: テクスチャをビルド中: SkyOcclusion0_11 (AutoDXT)
[2016.02.13-13.55.49:991][ 66]LogTexture:Display: テクスチャをビルド中: LQ_Lightmap_0_10 (DXT1)
[2016.02.13-13.55.49:997][ 66]LogTexture:Display: テクスチャをビルド中: HQ_Lightmap0_10 (AutoDXT)
[2016.02.13-13.55.50:013][ 66]LogTexture:Display: テクスチャをビルド中: SkyOcclusion0_10 (AutoDXT)
[2016.02.13-13.55.50:021][ 66]LogTexture:Display: テクスチャをビルド中: LQ_Lightmap_1_9 (DXT1)
[2016.02.13-13.55.50:047][ 66]LogTexture:Display: テクスチャをビルド中: HQ_Lightmap1_9 (AutoDXT)
[2016.02.13-13.55.50:108][ 66]LogTexture:Display: テクスチャをビルド中: SkyOcclusion1_9 (AutoDXT)
[2016.02.13-13.55.50:140][ 66]LogTexture:Display: テクスチャをビルド中: LQ_Lightmap_0_8 (DXT1)
[2016.02.13-13.55.50:143][ 66]LogTexture:Display: テクスチャをビルド中: HQ_Lightmap0_8 (AutoDXT)
[2016.02.13-13.55.50:164][ 66]LogTexture:Display: テクスチャをビルド中: SkyOcclusion0_8 (AutoDXT)
[2016.02.13-13.55.50:172][ 66]LogTexture:Display: テクスチャをビルド中: LQ_Lightmap_0_7 (DXT1)
[2016.02.13-13.55.50:202][ 66]LogTexture:Display: テクスチャをビルド中: HQ_Lightmap0_7 (AutoDXT)
[2016.02.13-13.55.50:282][ 66]LogTexture:Display: テクスチャをビルド中: SkyOcclusion0_7 (AutoDXT)
[2016.02.13-13.55.50:317][ 66]LogTexture:Display: テクスチャをビルド中: LQ_Lightmap_0_6 (DXT1)
[2016.02.13-13.55.50:324][ 66]LogTexture:Display: テクスチャをビルド中: HQ_Lightmap0_6 (AutoDXT)
[2016.02.13-13.55.50:347][ 66]LogTexture:Display: テクスチャをビルド中: SkyOcclusion0_6 (AutoDXT)
[2016.02.13-13.55.50:361][ 66]LogTexture:Display: テクスチャをビルド中: LQ_Lightmap_0_5 (DXT1)
[2016.02.13-13.55.50:386][ 66]LogTexture:Display: テクスチャをビルド中: HQ_Lightmap0_5 (AutoDXT)
[2016.02.13-13.55.50:433][ 66]LogTexture:Display: テクスチャをビルド中: SkyOcclusion0_5 (AutoDXT)
[2016.02.13-13.55.50:459][ 66]LogTexture:Display: テクスチャをビルド中: LQ_Lightmap_0_4 (DXT1)
[2016.02.13-13.55.50:482][ 66]LogTexture:Display: テクスチャをビルド中: HQ_Lightmap0_4 (AutoDXT)
[2016.02.13-13.55.50:534][ 66]LogTexture:Display: テクスチャをビルド中: SkyOcclusion0_4 (AutoDXT)
[2016.02.13-13.55.50:565][ 66]LogTexture:Display: テクスチャをビルド中: LQ_Lightmap_0_3 (DXT1)
[2016.02.13-13.55.50:594][ 66]LogTexture:Display: テクスチャをビルド中: HQ_Lightmap0_3 (AutoDXT)
[2016.02.13-13.55.50:699][ 66]LogTexture:Display: テクスチャをビルド中: SkyOcclusion0_3 (AutoDXT)
[2016.02.13-13.55.50:739][ 66]LogTexture:Display: テクスチャをビルド中: LQ_Lightmap_0_2 (DXT1)
[2016.02.13-13.55.50:810][ 66]LogTexture:Display: テクスチャをビルド中: HQ_Lightmap0_2 (AutoDXT)
[2016.02.13-13.55.51:023][ 66]LogTexture:Display: テクスチャをビルド中: SkyOcclusion0_2 (AutoDXT)
[2016.02.13-13.55.51:099][ 66]LogTexture:Display: テクスチャをビルド中: LQ_Lightmap_0_1 (DXT1)
[2016.02.13-13.55.51:342][ 66]LogTexture:Display: テクスチャをビルド中: HQ_Lightmap0_1 (AutoDXT)
[2016.02.13-13.55.52:370][ 66]LogTexture:Display: テクスチャをビルド中: ShadowMapTexture2D_0 (G8)
[2016.02.13-13.55.52:557][ 66]LogTexture:Display: テクスチャをビルド中: ShadowMapTexture2D_1 (G8)
[2016.02.13-13.55.52:602][ 66]LogTexture:Display: テクスチャをビルド中: ShadowMapTexture2D_2 (G8)
[2016.02.13-13.55.52:632][ 66]LogTexture:Display: テクスチャをビルド中: ShadowMapTexture2D_3 (G8)
[2016.02.13-13.55.52:664][ 66]LogTexture:Display: テクスチャをビルド中: ShadowMapTexture2D_4 (G8)
[2016.02.13-13.55.52:678][ 66]LogTexture:Display: テクスチャをビルド中: ShadowMapTexture2D_6 (G8)
[2016.02.13-13.55.52:707][ 66]LogTexture:Display: テクスチャをビルド中: ShadowMapTexture2D_7 (G8)
[2016.02.13-13.55.52:717][ 66]LogTexture:Display: テクスチャをビルド中: ShadowMapTexture2D_8 (G8)
[2016.02.13-13.55.52:749][ 66]LogTexture:Display: テクスチャをビルド中: ShadowMapTexture2D_10 (G8)
[2016.02.13-13.55.52:760][ 66]LogTexture:Display: テクスチャをビルド中: ShadowMapTexture2D_11 (G8)
[2016.02.13-13.55.52:768][ 66]LogTexture:Display: テクスチャをビルド中: ShadowMapTexture2D_12 (G8)
[2016.02.13-13.55.52:771][ 66]LogTexture:Display: テクスチャをビルド中: ShadowMapTexture2D_18 (G8)
[2016.02.13-13.55.52:797][ 66]Lightmass on DESKTOP-6H4BEHG: 23.5 sec total, 138 ms importing, 0 ms setup, 1.02 sec photons, 22.3 sec processing, 0 ms extra exporting [29/29 mappings]. Threads: 1:29 min total, 29.7 sec processing.
[2016.02.13-13.55.52:834][ 66]LogStaticLightingSystem: Illumination: 27.7 sec (3.55 sec encoding lightmaps)
[2016.02.13-13.55.52:834][ 66]LogStaticLightingSystem: Lightmap texture memory:  8.7 MB (8.7 MB streaming, 0.0 MB non-streaming), 24 textures
[2016.02.13-13.55.52:834][ 66]LogStaticLightingSystem: Shadowmap texture memory: 4.3 MB (4.3 MB streaming, 0.0 MB non-streaming), 12 textures
[2016.02.13-13.55.53:406][ 67]Cmd: MAP CHECK NOTIFYRESULTS
[2016.02.13-13.55.53:406][ 67]MapCheck: New page: RollingBPExampleMap - 2016/02/14 7:55:53
[2016.02.13-13.55.53:407][ 67]MapCheck:Error: エラー EditorCube17_7 コンポーネントは静的タイプですがライトマップ設定が無効です！間接光は黒になります。主な原因は、ライトマップの解像度が0、LightmapCoordinateIndexが範囲外であることが考えられます。 
[2016.02.13-13.55.53:407][ 67]MapCheck:Warning: 警告 EditorCube17_7 スタティックメッシュアクタに NULL のStaticMesh プロパティがあります 
[2016.02.13-13.55.53:407][ 67]MapCheck:Warning: 警告 EditorCube17_7 スタティックメッシュアクタに NULL のStaticMesh プロパティがあります 
[2016.02.13-13.55.53:450][ 67]MapCheck: 情報 マップチェックが完了: 1 エラー、 2 警告、完了に 44.6ミリ秒かかりました。
[2016.02.13-13.56.08:086][906]LogTexture:Warning: Failed to stream mip data from the derived data cache for /Game/RollingBP/Maps/RollingBPExampleMap.HQ_Lightmap1_12. Streaming mips will be recached.
[2016.02.13-13.56.08:087][906]LogTexture:Display: テクスチャをビルド中: HQ_Lightmap1_12 (AutoDXT)
[2016.02.13-13.56.19:488][577]Cmd: CAMERA ALIGN ACTIVEVIEWPORTONLY
[2016.02.13-13.56.19:488][577]Can't find target actor or component.
[2016.02.13-13.56.22:504][758]Cmd: CAMERA ALIGN ACTIVEVIEWPORTONLY
[2016.02.13-13.56.22:504][758]Can't find target actor or component.
[2016.02.13-13.56.25:664][945]Cmd: CAMERA ALIGN ACTIVEVIEWPORTONLY
[2016.02.13-13.56.40:461][828]LogEditorViewport: Clicking on Actor (LMB): LightmassImportanceVolume (LightmassImportanceVolume)
[2016.02.13-13.58.10:876][244]LogEditorViewport: Clicking on Actor (LMB): StaticMeshActor (Ground)
[2016.02.13-13.58.11:676][288]LogEditorViewport: Clicking on Actor (LMB): StaticMeshActor (TemplateCube_Rounded_51)
[2016.02.13-13.58.15:712][524]LogEditorViewport: Clicking on Actor (LMB): StaticMeshActor (TemplateCube_Rounded_53)
[2016.02.13-13.58.17:148][606]LogEditorViewport: Clicking on Actor (LMB): StaticMeshActor (Ground)
[2016.02.13-13.58.18:315][672]LogEditorViewport: Clicking on Actor (LMB): StaticMeshActor (TemplateCube_Rounded_53)
[2016.02.13-13.58.42:780][  6]LogBlueprintUserMessages: Early PlayInEditor Detection: Level '/Game/RollingBP/Maps/RollingBPExampleMap.RollingBPExampleMap:PersistentLevel' has LevelScriptBlueprint '/Game/RollingBP/Maps/RollingBPExampleMap.RollingBPExampleMap:PersistentLevel.RollingBPExampleMap' with GeneratedClass '/Game/RollingBP/Maps/RollingBPExampleMap.RollingBPExampleMap_C' with ClassGeneratedBy '/Game/RollingBP/Maps/RollingBPExampleMap.RollingBPExampleMap:PersistentLevel.RollingBPExampleMap'
[2016.02.13-13.58.42:781][  6]LogPlayLevel: PlayLevel: No blueprints needed recompiling
[2016.02.13-13.58.42:781][  6]PIE: New page: PIEセッション: RollingBPExampleMap (2016/02/14 7:58:42)
[2016.02.13-13.58.42:781][  6]LogPlayLevel: Creating play world package: /Game/RollingBP/Maps/UEDPIE_0_RollingBPExampleMap
[2016.02.13-13.58.42:807][  6]LogPlayLevel: PIE: StaticDuplicateObject took: (0.026552s)
[2016.02.13-13.58.42:808][  6]LogAIModule: Creating AISystem for world RollingBPExampleMap
[2016.02.13-13.58.42:809][  6]LogPlayLevel: PIE: World Init took: (0.001217s)
[2016.02.13-13.58.42:809][  6]LogPlayLevel: PIE: Created PIE world by copying editor world from /Game/RollingBP/Maps/RollingBPExampleMap.RollingBPExampleMap to /Game/RollingBP/Maps/UEDPIE_0_RollingBPExampleMap.RollingBPExampleMap (0.028118s)
[2016.02.13-13.58.42:847][  6]LogInit: XAudio2 using 'スピーカー (Realtek High Definition Audio(SST))' : 2 channels at 48 kHz using 32 bits per sample (channel mask 0x3)
[2016.02.13-13.58.42:855][  6]LogInit: FAudioDevice initialized.
[2016.02.13-13.58.42:892][  6]LogWorld: Game class is 'RollingGameMode_C'
[2016.02.13-13.58.42:899][  6]LogWorld: Bringing World /Game/RollingBP/Maps/UEDPIE_0_RollingBPExampleMap.RollingBPExampleMap up for play (max tick rate 60) at 2016.02.13-22.58.42
[2016.02.13-13.58.42:899][  6]LogActor:Warning: GameSession /Game/RollingBP/Maps/UEDPIE_0_RollingBPExampleMap.RollingBPExampleMap:PersistentLevel.GameSession_11 has natively added scene component(s), but none of them were set as the actor's RootComponent - picking one arbitrarily
[2016.02.13-13.58.42:899][  6]LogActor:Warning: GameNetworkManager /Game/RollingBP/Maps/UEDPIE_0_RollingBPExampleMap.RollingBPExampleMap:PersistentLevel.GameNetworkManager_11 has natively added scene component(s), but none of them were set as the actor's RootComponent - picking one arbitrarily
[2016.02.13-13.58.42:899][  6]LogWorld: Bringing up level for play took: 0.006871
[2016.02.13-13.58.42:900][  6]PIE: 情報 /Game/RollingBP/Maps/UEDPIE_0_RollingBPExampleMap 0.891のプレイ イン エディタの開始時間
[2016.02.13-13.58.42:901][  6]LogBlueprintUserMessages: Late PlayInEditor Detection: Level '/Game/RollingBP/Maps/RollingBPExampleMap.RollingBPExampleMap:PersistentLevel' has LevelScriptBlueprint '/Game/RollingBP/Maps/RollingBPExampleMap.RollingBPExampleMap:PersistentLevel.RollingBPExampleMap' with GeneratedClass '/Game/RollingBP/Maps/RollingBPExampleMap.RollingBPExampleMap_C' with ClassGeneratedBy '/Game/RollingBP/Maps/RollingBPExampleMap.RollingBPExampleMap:PersistentLevel.RollingBPExampleMap'
[2016.02.13-13.59.05:451][338]LogBlueprintUserMessages: Early EndPlayMap Detection: Level '/Game/RollingBP/Maps/RollingBPExampleMap.RollingBPExampleMap:PersistentLevel' has LevelScriptBlueprint '/Game/RollingBP/Maps/RollingBPExampleMap.RollingBPExampleMap:PersistentLevel.RollingBPExampleMap' with GeneratedClass '/Game/RollingBP/Maps/RollingBPExampleMap.RollingBPExampleMap_C' with ClassGeneratedBy '/Game/RollingBP/Maps/RollingBPExampleMap.RollingBPExampleMap:PersistentLevel.RollingBPExampleMap'
[2016.02.13-13.59.05:527][338]LogBlueprintUserMessages: Late EndPlayMap Detection: Level '/Game/RollingBP/Maps/RollingBPExampleMap.RollingBPExampleMap:PersistentLevel' has LevelScriptBlueprint '/Game/RollingBP/Maps/RollingBPExampleMap.RollingBPExampleMap:PersistentLevel.RollingBPExampleMap' with GeneratedClass '/Game/RollingBP/Maps/RollingBPExampleMap.RollingBPExampleMap_C' with ClassGeneratedBy '/Game/RollingBP/Maps/RollingBPExampleMap.RollingBPExampleMap:PersistentLevel.RollingBPExampleMap'
[2016.02.13-13.59.05:551][338]LogParticles: Destroying 0 GPU particle simulations for FXSystem 0x000001714267EA20
[2016.02.13-13.59.07:205][435]LogEditorViewport: Clicking on Actor (LMB): StaticMeshActor (TemplateCube_Rounded_51)
[2016.02.13-13.59.13:683][762]LogEditorViewport: Clicking on Actor (LMB): StaticMeshActor (TemplateCube_Rounded_52)
[2016.02.13-13.59.24:480][345]LogEditorViewport: Clicking on Actor (LMB): StaticMeshActor (TemplateCube_Rounded_53)
[2016.02.13-13.59.53:731][785]LogBlueprintUserMessages: Early PlayInEditor Detection: Level '/Game/RollingBP/Maps/RollingBPExampleMap.RollingBPExampleMap:PersistentLevel' has LevelScriptBlueprint '/Game/RollingBP/Maps/RollingBPExampleMap.RollingBPExampleMap:PersistentLevel.RollingBPExampleMap' with GeneratedClass '/Game/RollingBP/Maps/RollingBPExampleMap.RollingBPExampleMap_C' with ClassGeneratedBy '/Game/RollingBP/Maps/RollingBPExampleMap.RollingBPExampleMap:PersistentLevel.RollingBPExampleMap'
[2016.02.13-13.59.53:731][785]LogPlayLevel: PlayLevel: No blueprints needed recompiling
[2016.02.13-13.59.53:731][785]PIE: New page: PIEセッション: RollingBPExampleMap (2016/02/14 7:59:53)
[2016.02.13-13.59.53:732][785]LogPlayLevel: Creating play world package: /Game/RollingBP/Maps/UEDPIE_0_RollingBPExampleMap
[2016.02.13-13.59.53:786][785]LogPlayLevel: PIE: StaticDuplicateObject took: (0.054447s)
[2016.02.13-13.59.53:787][785]LogAIModule: Creating AISystem for world RollingBPExampleMap
[2016.02.13-13.59.53:787][785]LogPlayLevel: PIE: World Init took: (0.001118s)
[2016.02.13-13.59.53:787][785]LogPlayLevel: PIE: Created PIE world by copying editor world from /Game/RollingBP/Maps/RollingBPExampleMap.RollingBPExampleMap to /Game/RollingBP/Maps/UEDPIE_0_RollingBPExampleMap.RollingBPExampleMap (0.055920s)
[2016.02.13-13.59.53:815][785]LogInit: XAudio2 using 'スピーカー (Realtek High Definition Audio(SST))' : 2 channels at 48 kHz using 32 bits per sample (channel mask 0x3)
[2016.02.13-13.59.53:822][785]LogInit: FAudioDevice initialized.
[2016.02.13-13.59.53:857][785]LogWorld: Game class is 'RollingGameMode_C'
[2016.02.13-13.59.53:863][785]LogWorld: Bringing World /Game/RollingBP/Maps/UEDPIE_0_RollingBPExampleMap.RollingBPExampleMap up for play (max tick rate 60) at 2016.02.13-22.59.53
[2016.02.13-13.59.53:863][785]LogActor:Warning: GameSession /Game/RollingBP/Maps/UEDPIE_0_RollingBPExampleMap.RollingBPExampleMap:PersistentLevel.GameSession_12 has natively added scene component(s), but none of them were set as the actor's RootComponent - picking one arbitrarily
[2016.02.13-13.59.53:863][785]LogActor:Warning: GameNetworkManager /Game/RollingBP/Maps/UEDPIE_0_RollingBPExampleMap.RollingBPExampleMap:PersistentLevel.GameNetworkManager_12 has natively added scene component(s), but none of them were set as the actor's RootComponent - picking one arbitrarily
[2016.02.13-13.59.53:863][785]LogWorld: Bringing up level for play took: 0.006285
[2016.02.13-13.59.53:864][785]PIE: 情報 /Game/RollingBP/Maps/UEDPIE_0_RollingBPExampleMap -0.145のプレイ イン エディタの開始時間
[2016.02.13-13.59.53:864][785]LogBlueprintUserMessages: Late PlayInEditor Detection: Level '/Game/RollingBP/Maps/RollingBPExampleMap.RollingBPExampleMap:PersistentLevel' has LevelScriptBlueprint '/Game/RollingBP/Maps/RollingBPExampleMap.RollingBPExampleMap:PersistentLevel.RollingBPExampleMap' with GeneratedClass '/Game/RollingBP/Maps/RollingBPExampleMap.RollingBPExampleMap_C' with ClassGeneratedBy '/Game/RollingBP/Maps/RollingBPExampleMap.RollingBPExampleMap:PersistentLevel.RollingBPExampleMap'
[2016.02.13-14.00.07:691][610]LogBlueprintUserMessages: Early EndPlayMap Detection: Level '/Game/RollingBP/Maps/RollingBPExampleMap.RollingBPExampleMap:PersistentLevel' has LevelScriptBlueprint '/Game/RollingBP/Maps/RollingBPExampleMap.RollingBPExampleMap:PersistentLevel.RollingBPExampleMap' with GeneratedClass '/Game/RollingBP/Maps/RollingBPExampleMap.RollingBPExampleMap_C' with ClassGeneratedBy '/Game/RollingBP/Maps/RollingBPExampleMap.RollingBPExampleMap:PersistentLevel.RollingBPExampleMap'
[2016.02.13-14.00.07:774][610]LogBlueprintUserMessages: Late EndPlayMap Detection: Level '/Game/RollingBP/Maps/RollingBPExampleMap.RollingBPExampleMap:PersistentLevel' has LevelScriptBlueprint '/Game/RollingBP/Maps/RollingBPExampleMap.RollingBPExampleMap:PersistentLevel.RollingBPExampleMap' with GeneratedClass '/Game/RollingBP/Maps/RollingBPExampleMap.RollingBPExampleMap_C' with ClassGeneratedBy '/Game/RollingBP/Maps/RollingBPExampleMap.RollingBPExampleMap:PersistentLevel.RollingBPExampleMap'
[2016.02.13-14.00.07:839][611]LogParticles: Destroying 0 GPU particle simulations for FXSystem 0x0000017168E5ACA0
[2016.02.13-14.00.10:121][747]LogEditorViewport: Clicking on Actor (LMB): StaticMeshActor (Ground)
[2016.02.13-14.00.27:503][749]LogEditorViewport: Clicking on Actor (LMB): StaticMeshActor (TemplateCube_Rounded_51)
[2016.02.13-14.00.37:395][319]LogEditorViewport: Clicking on Actor (LMB): StaticMeshActor (TemplateCube_Rounded_53)
[2016.02.13-14.00.49:247][952]LogEditorViewport: Clicking on Actor (LMB): StaticMeshActor (TemplateCube_Rounded_51)
[2016.02.13-14.01.20:917][668]LogEditorViewport: Clicking on Actor (LMB): StaticMeshActor (TemplateCube_Rounded_52)
[2016.02.13-14.01.35:118][372]LogBlueprintUserMessages: Early PlayInEditor Detection: Level '/Game/RollingBP/Maps/RollingBPExampleMap.RollingBPExampleMap:PersistentLevel' has LevelScriptBlueprint '/Game/RollingBP/Maps/RollingBPExampleMap.RollingBPExampleMap:PersistentLevel.RollingBPExampleMap' with GeneratedClass '/Game/RollingBP/Maps/RollingBPExampleMap.RollingBPExampleMap_C' with ClassGeneratedBy '/Game/RollingBP/Maps/RollingBPExampleMap.RollingBPExampleMap:PersistentLevel.RollingBPExampleMap'
[2016.02.13-14.01.35:118][372]LogPlayLevel: PlayLevel: No blueprints needed recompiling
[2016.02.13-14.01.35:118][372]PIE: New page: PIEセッション: RollingBPExampleMap (2016/02/14 8:01:35)
[2016.02.13-14.01.35:118][372]LogPlayLevel: Creating play world package: /Game/RollingBP/Maps/UEDPIE_0_RollingBPExampleMap
[2016.02.13-14.01.35:145][372]LogPlayLevel: PIE: StaticDuplicateObject took: (0.026949s)
[2016.02.13-14.01.35:146][372]LogAIModule: Creating AISystem for world RollingBPExampleMap
[2016.02.13-14.01.35:146][372]LogPlayLevel: PIE: World Init took: (0.001171s)
[2016.02.13-14.01.35:147][372]LogPlayLevel: PIE: Created PIE world by copying editor world from /Game/RollingBP/Maps/RollingBPExampleMap.RollingBPExampleMap to /Game/RollingBP/Maps/UEDPIE_0_RollingBPExampleMap.RollingBPExampleMap (0.028454s)
[2016.02.13-14.01.35:178][372]LogInit: XAudio2 using 'スピーカー (Realtek High Definition Audio(SST))' : 2 channels at 48 kHz using 32 bits per sample (channel mask 0x3)
[2016.02.13-14.01.35:184][372]LogInit: FAudioDevice initialized.
[2016.02.13-14.01.35:223][372]LogWorld: Game class is 'RollingGameMode_C'
[2016.02.13-14.01.35:227][372]LogWorld: Bringing World /Game/RollingBP/Maps/UEDPIE_0_RollingBPExampleMap.RollingBPExampleMap up for play (max tick rate 60) at 2016.02.13-23.01.35
[2016.02.13-14.01.35:227][372]LogActor:Warning: GameSession /Game/RollingBP/Maps/UEDPIE_0_RollingBPExampleMap.RollingBPExampleMap:PersistentLevel.GameSession_13 has natively added scene component(s), but none of them were set as the actor's RootComponent - picking one arbitrarily
[2016.02.13-14.01.35:228][372]LogActor:Warning: GameNetworkManager /Game/RollingBP/Maps/UEDPIE_0_RollingBPExampleMap.RollingBPExampleMap:PersistentLevel.GameNetworkManager_13 has natively added scene component(s), but none of them were set as the actor's RootComponent - picking one arbitrarily
[2016.02.13-14.01.35:228][372]LogWorld: Bringing up level for play took: 0.004621
[2016.02.13-14.01.35:229][372]PIE: 情報 /Game/RollingBP/Maps/UEDPIE_0_RollingBPExampleMap -0.78のプレイ イン エディタの開始時間
[2016.02.13-14.01.35:229][372]LogBlueprintUserMessages: Late PlayInEditor Detection: Level '/Game/RollingBP/Maps/RollingBPExampleMap.RollingBPExampleMap:PersistentLevel' has LevelScriptBlueprint '/Game/RollingBP/Maps/RollingBPExampleMap.RollingBPExampleMap:PersistentLevel.RollingBPExampleMap' with GeneratedClass '/Game/RollingBP/Maps/RollingBPExampleMap.RollingBPExampleMap_C' with ClassGeneratedBy '/Game/RollingBP/Maps/RollingBPExampleMap.RollingBPExampleMap:PersistentLevel.RollingBPExampleMap'
[2016.02.13-14.01.44:399][918]LogBlueprintUserMessages: Early EndPlayMap Detection: Level '/Game/RollingBP/Maps/RollingBPExampleMap.RollingBPExampleMap:PersistentLevel' has LevelScriptBlueprint '/Game/RollingBP/Maps/RollingBPExampleMap.RollingBPExampleMap:PersistentLevel.RollingBPExampleMap' with GeneratedClass '/Game/RollingBP/Maps/RollingBPExampleMap.RollingBPExampleMap_C' with ClassGeneratedBy '/Game/RollingBP/Maps/RollingBPExampleMap.RollingBPExampleMap:PersistentLevel.RollingBPExampleMap'
[2016.02.13-14.01.44:478][918]LogBlueprintUserMessages: Late EndPlayMap Detection: Level '/Game/RollingBP/Maps/RollingBPExampleMap.RollingBPExampleMap:PersistentLevel' has LevelScriptBlueprint '/Game/RollingBP/Maps/RollingBPExampleMap.RollingBPExampleMap:PersistentLevel.RollingBPExampleMap' with GeneratedClass '/Game/RollingBP/Maps/RollingBPExampleMap.RollingBPExampleMap_C' with ClassGeneratedBy '/Game/RollingBP/Maps/RollingBPExampleMap.RollingBPExampleMap:PersistentLevel.RollingBPExampleMap'
[2016.02.13-14.01.44:543][919]LogParticles: Destroying 0 GPU particle simulations for FXSystem 0x000001711E27CEA0
[2016.02.13-14.01.46:077][ 11]LogEditorViewport: Clicking on Actor (LMB): BP_Sky_Sphere_C (SkyShereBlueprint)
[2016.02.13-14.01.55:496][567]LogEditorViewport: Clicking on Actor (LMB): BP_Sky_Sphere_C (SkyShereBlueprint)
[2016.02.13-14.02.01:367][916]LogEditorViewport: Clicking on Actor (LMB): StaticMeshActor (TemplateCube_Rounded_40)
[2016.02.13-14.02.14:411][561]LogEditorViewport: Clicking on Actor (LMB): BP_Sky_Sphere_C (SkyShereBlueprint)
[2016.02.13-14.02.16:597][688]LogEditorViewport: Clicking on Actor (LMB): StaticMeshActor (TemplateCube_Rounded_40)
[2016.02.13-14.02.17:622][744]LogEditorViewport: Clicking on Actor (LMB): StaticMeshActor (Ground)
[2016.02.13-14.02.30:155][489]LogEditorViewport: Clicking on Actor (LMB): PostProcessVolume (PostProcessVolume)
[2016.02.13-14.02.31:429][560]LogEditorViewport: Clicking on Actor (LMB): PostProcessVolume (PostProcessVolume)
[2016.02.13-14.02.32:388][617]LogEditorViewport: Clicking on Actor (LMB): PostProcessVolume (PostProcessVolume)
[2016.02.13-14.02.33:181][664]LogEditorViewport: Clicking on Actor (LMB): PostProcessVolume (PostProcessVolume)
[2016.02.13-14.02.34:207][725]LogEditorViewport: Clicking on Actor (LMB): StaticMeshActor (Ground)
[2016.02.13-14.04.14:565][819]LogEditorViewport: Clicking on Actor (LMB): PostProcessVolume (PostProcessVolume)
[2016.02.13-14.04.15:605][876]LogEditorViewport: Clicking on Actor (LMB): PostProcessVolume (PostProcessVolume)
[2016.02.13-14.04.16:896][953]LogEditorViewport: Clicking on Actor (LMB): PostProcessVolume (PostProcessVolume)
[2016.02.13-14.04.17:821][  8]LogEditorViewport: Clicking on Actor (LMB): BP_Sky_Sphere_C (SkyShereBlueprint)
[2016.02.13-14.04.20:069][139]LogEditorViewport: Clicking on Actor (LMB): StaticMeshActor (TemplateCube_Rounded_37)
[2016.02.13-14.04.21:899][244]LogEditorViewport: Clicking on Actor (LMB): StaticMeshActor (EditorCube38)
[2016.02.13-14.04.26:452][512]LogEditorViewport: Clicking on Actor (LMB): PostProcessVolume (PostProcessVolume)
[2016.02.13-14.04.29:156][668]LogEditorViewport: Clicking on Actor (LMB): PostProcessVolume (PostProcessVolume)
[2016.02.13-14.04.34:013][945]LogEditorViewport: Clicking on Actor (LMB): StaticMeshActor (TemplateCube_Rounded_40)
[2016.02.13-14.04.39:426][262]LogEditorViewport: Clicking on Actor (LMB): BP_Sky_Sphere_C (SkyShereBlueprint)
[2016.02.13-14.04.40:357][314]LogEditorViewport: Clicking on Actor (LMB): PostProcessVolume (PostProcessVolume)
[2016.02.13-14.04.41:324][367]LogEditorViewport: Clicking on Actor (LMB): PostProcessVolume (PostProcessVolume)
[2016.02.13-14.04.42:630][445]LogEditorViewport: Clicking on Actor (LMB): StaticMeshActor (TemplateCube_Rounded_40)
[2016.02.13-14.05.13:270][203]Cmd: TRANSACTION UNDO
[2016.02.13-14.05.13:270][203]LogEditorTransaction: Undo アクタロケーションを設定
[2016.02.13-14.05.34:385][290]LogEditorViewport: Clicking on Actor (LMB): BP_Sky_Sphere_C (SkyShereBlueprint)
[2016.02.13-14.05.37:987][501]LogEditorViewport: Clicking on Actor (LMB): StaticMeshActor (TemplateCube_Rounded_40)
[2016.02.13-14.05.48:577][ 71]LogEditorViewport: Clicking on Actor (LMB): BP_Sky_Sphere_C (SkyShereBlueprint)
[2016.02.13-14.05.49:534][124]LogEditorViewport: Clicking on Actor (LMB): StaticMeshActor (TemplateCube_Rounded_40)
[2016.02.13-14.05.58:456][652]LogEditorViewport: Clicking on Actor (LMB): StaticMeshActor (TemplateCube_Rounded_40)
[2016.02.13-14.05.59:366][706]LogEditorViewport: Clicking on Actor (LMB): StaticMeshActor (TemplateCube_Rounded_40)
[2016.02.13-14.06.00:173][752]LogEditorViewport: Clicking on Actor (LMB): BP_Sky_Sphere_C (SkyShereBlueprint)
[2016.02.13-14.06.01:409][822]LogEditorViewport: Clicking on Actor (LMB): BP_Sky_Sphere_C (SkyShereBlueprint)
[2016.02.13-14.06.02:391][880]LogEditorViewport: Clicking on Actor (LMB): StaticMeshActor (TemplateCube_Rounded_40)
[2016.02.13-14.06.11:753][426]LogEditorViewport: Clicking on Actor (LMB): BP_Sky_Sphere_C (SkyShereBlueprint)
[2016.02.13-14.06.12:666][477]LogEditorViewport: Clicking on Actor (LMB): StaticMeshActor (TemplateCube_Rounded_40)
[2016.02.13-14.06.28:564][406]LogEditorViewport: Clicking on Actor (LMB): StaticMeshActor (TemplateCube_Rounded_40)
[2016.02.13-14.06.29:593][467]LogEditorViewport: Clicking on Actor (LMB): BP_Sky_Sphere_C (SkyShereBlueprint)
[2016.02.13-14.06.31:145][556]LogEditorViewport: Clicking on Actor (LMB): StaticMeshActor (TemplateCube_Rounded_40)
[2016.02.13-14.06.45:015][297]LogEditorViewport: Clicking on Actor (LMB): StaticMeshActor (TemplateCube_Rounded_40)
[2016.02.13-14.07.19:140][187]LogEditorViewport: Clicking on Actor (LMB): BP_Sky_Sphere_C (SkyShereBlueprint)
[2016.02.13-14.07.22:922][407]LogBlueprintUserMessages: Early PlayInEditor Detection: Level '/Game/RollingBP/Maps/RollingBPExampleMap.RollingBPExampleMap:PersistentLevel' has LevelScriptBlueprint '/Game/RollingBP/Maps/RollingBPExampleMap.RollingBPExampleMap:PersistentLevel.RollingBPExampleMap' with GeneratedClass '/Game/RollingBP/Maps/RollingBPExampleMap.RollingBPExampleMap_C' with ClassGeneratedBy '/Game/RollingBP/Maps/RollingBPExampleMap.RollingBPExampleMap:PersistentLevel.RollingBPExampleMap'
[2016.02.13-14.07.22:922][407]LogPlayLevel: PlayLevel: No blueprints needed recompiling
[2016.02.13-14.07.22:922][407]PIE: New page: PIEセッション: RollingBPExampleMap (2016/02/14 8:07:22)
[2016.02.13-14.07.22:922][407]LogPlayLevel: Creating play world package: /Game/RollingBP/Maps/UEDPIE_0_RollingBPExampleMap
[2016.02.13-14.07.22:950][407]LogPlayLevel: PIE: StaticDuplicateObject took: (0.027207s)
[2016.02.13-14.07.22:951][407]LogAIModule: Creating AISystem for world RollingBPExampleMap
[2016.02.13-14.07.22:951][407]LogPlayLevel: PIE: World Init took: (0.001174s)
[2016.02.13-14.07.22:951][407]LogPlayLevel: PIE: Created PIE world by copying editor world from /Game/RollingBP/Maps/RollingBPExampleMap.RollingBPExampleMap to /Game/RollingBP/Maps/UEDPIE_0_RollingBPExampleMap.RollingBPExampleMap (0.028669s)
[2016.02.13-14.07.22:983][407]LogInit: XAudio2 using 'スピーカー (Realtek High Definition Audio(SST))' : 2 channels at 48 kHz using 32 bits per sample (channel mask 0x3)
[2016.02.13-14.07.22:992][407]LogInit: FAudioDevice initialized.
[2016.02.13-14.07.23:029][407]LogWorld: Game class is 'RollingGameMode_C'
[2016.02.13-14.07.23:036][407]LogWorld: Bringing World /Game/RollingBP/Maps/UEDPIE_0_RollingBPExampleMap.RollingBPExampleMap up for play (max tick rate 60) at 2016.02.13-23.07.23
[2016.02.13-14.07.23:036][407]LogActor:Warning: GameSession /Game/RollingBP/Maps/UEDPIE_0_RollingBPExampleMap.RollingBPExampleMap:PersistentLevel.GameSession_14 has natively added scene component(s), but none of them were set as the actor's RootComponent - picking one arbitrarily
[2016.02.13-14.07.23:036][407]LogActor:Warning: GameNetworkManager /Game/RollingBP/Maps/UEDPIE_0_RollingBPExampleMap.RollingBPExampleMap:PersistentLevel.GameNetworkManager_14 has natively added scene component(s), but none of them were set as the actor's RootComponent - picking one arbitrarily
[2016.02.13-14.07.23:037][407]LogWorld: Bringing up level for play took: 0.006916
[2016.02.13-14.07.23:038][407]PIE: 情報 /Game/RollingBP/Maps/UEDPIE_0_RollingBPExampleMap 1.029のプレイ イン エディタの開始時間
[2016.02.13-14.07.23:038][407]LogBlueprintUserMessages: Late PlayInEditor Detection: Level '/Game/RollingBP/Maps/RollingBPExampleMap.RollingBPExampleMap:PersistentLevel' has LevelScriptBlueprint '/Game/RollingBP/Maps/RollingBPExampleMap.RollingBPExampleMap:PersistentLevel.RollingBPExampleMap' with GeneratedClass '/Game/RollingBP/Maps/RollingBPExampleMap.RollingBPExampleMap_C' with ClassGeneratedBy '/Game/RollingBP/Maps/RollingBPExampleMap.RollingBPExampleMap:PersistentLevel.RollingBPExampleMap'
[2016.02.13-14.07.29:431][786]LogBlueprintUserMessages: Early EndPlayMap Detection: Level '/Game/RollingBP/Maps/RollingBPExampleMap.RollingBPExampleMap:PersistentLevel' has LevelScriptBlueprint '/Game/RollingBP/Maps/RollingBPExampleMap.RollingBPExampleMap:PersistentLevel.RollingBPExampleMap' with GeneratedClass '/Game/RollingBP/Maps/RollingBPExampleMap.RollingBPExampleMap_C' with ClassGeneratedBy '/Game/RollingBP/Maps/RollingBPExampleMap.RollingBPExampleMap:PersistentLevel.RollingBPExampleMap'
[2016.02.13-14.07.29:486][786]LogBlueprintUserMessages: Late EndPlayMap Detection: Level '/Game/RollingBP/Maps/RollingBPExampleMap.RollingBPExampleMap:PersistentLevel' has LevelScriptBlueprint '/Game/RollingBP/Maps/RollingBPExampleMap.RollingBPExampleMap:PersistentLevel.RollingBPExampleMap' with GeneratedClass '/Game/RollingBP/Maps/RollingBPExampleMap.RollingBPExampleMap_C' with ClassGeneratedBy '/Game/RollingBP/Maps/RollingBPExampleMap.RollingBPExampleMap:PersistentLevel.RollingBPExampleMap'
[2016.02.13-14.07.29:562][787]LogParticles: Destroying 0 GPU particle simulations for FXSystem 0x000001714267C9A0
[2016.02.13-14.07.31:125][880]LogBlueprintUserMessages: Early PlayInEditor Detection: Level '/Game/RollingBP/Maps/RollingBPExampleMap.RollingBPExampleMap:PersistentLevel' has LevelScriptBlueprint '/Game/RollingBP/Maps/RollingBPExampleMap.RollingBPExampleMap:PersistentLevel.RollingBPExampleMap' with GeneratedClass '/Game/RollingBP/Maps/RollingBPExampleMap.RollingBPExampleMap_C' with ClassGeneratedBy '/Game/RollingBP/Maps/RollingBPExampleMap.RollingBPExampleMap:PersistentLevel.RollingBPExampleMap'
[2016.02.13-14.07.31:125][880]LogPlayLevel: PlayLevel: No blueprints needed recompiling
[2016.02.13-14.07.31:126][880]PIE: New page: PIEセッション: RollingBPExampleMap (2016/02/14 8:07:31)
[2016.02.13-14.07.31:126][880]LogPlayLevel: Creating play world package: /Game/RollingBP/Maps/UEDPIE_0_RollingBPExampleMap
[2016.02.13-14.07.31:155][880]LogPlayLevel: PIE: StaticDuplicateObject took: (0.029566s)
[2016.02.13-14.07.31:156][880]LogAIModule: Creating AISystem for world RollingBPExampleMap
[2016.02.13-14.07.31:157][880]LogPlayLevel: PIE: World Init took: (0.001239s)
[2016.02.13-14.07.31:157][880]LogPlayLevel: PIE: Created PIE world by copying editor world from /Game/RollingBP/Maps/RollingBPExampleMap.RollingBPExampleMap to /Game/RollingBP/Maps/UEDPIE_0_RollingBPExampleMap.RollingBPExampleMap (0.031131s)
[2016.02.13-14.07.31:186][880]LogInit: XAudio2 using 'スピーカー (Realtek High Definition Audio(SST))' : 2 channels at 48 kHz using 32 bits per sample (channel mask 0x3)
[2016.02.13-14.07.31:193][880]LogInit: FAudioDevice initialized.
[2016.02.13-14.07.31:227][880]LogWorld: Game class is 'RollingGameMode_C'
[2016.02.13-14.07.31:233][880]LogWorld: Bringing World /Game/RollingBP/Maps/UEDPIE_0_RollingBPExampleMap.RollingBPExampleMap up for play (max tick rate 60) at 2016.02.13-23.07.31
[2016.02.13-14.07.31:233][880]LogActor:Warning: GameSession /Game/RollingBP/Maps/UEDPIE_0_RollingBPExampleMap.RollingBPExampleMap:PersistentLevel.GameSession_15 has natively added scene component(s), but none of them were set as the actor's RootComponent - picking one arbitrarily
[2016.02.13-14.07.31:233][880]LogActor:Warning: GameNetworkManager /Game/RollingBP/Maps/UEDPIE_0_RollingBPExampleMap.RollingBPExampleMap:PersistentLevel.GameNetworkManager_15 has natively added scene component(s), but none of them were set as the actor's RootComponent - picking one arbitrarily
[2016.02.13-14.07.31:233][880]LogWorld: Bringing up level for play took: 0.005839
[2016.02.13-14.07.31:234][880]PIE: 情報 /Game/RollingBP/Maps/UEDPIE_0_RollingBPExampleMap -0.775のプレイ イン エディタの開始時間
[2016.02.13-14.07.31:234][880]LogBlueprintUserMessages: Late PlayInEditor Detection: Level '/Game/RollingBP/Maps/RollingBPExampleMap.RollingBPExampleMap:PersistentLevel' has LevelScriptBlueprint '/Game/RollingBP/Maps/RollingBPExampleMap.RollingBPExampleMap:PersistentLevel.RollingBPExampleMap' with GeneratedClass '/Game/RollingBP/Maps/RollingBPExampleMap.RollingBPExampleMap_C' with ClassGeneratedBy '/Game/RollingBP/Maps/RollingBPExampleMap.RollingBPExampleMap:PersistentLevel.RollingBPExampleMap'
[2016.02.13-14.07.38:434][308]LogBlueprintUserMessages: Early EndPlayMap Detection: Level '/Game/RollingBP/Maps/RollingBPExampleMap.RollingBPExampleMap:PersistentLevel' has LevelScriptBlueprint '/Game/RollingBP/Maps/RollingBPExampleMap.RollingBPExampleMap:PersistentLevel.RollingBPExampleMap' with GeneratedClass '/Game/RollingBP/Maps/RollingBPExampleMap.RollingBPExampleMap_C' with ClassGeneratedBy '/Game/RollingBP/Maps/RollingBPExampleMap.RollingBPExampleMap:PersistentLevel.RollingBPExampleMap'
[2016.02.13-14.07.38:492][308]LogBlueprintUserMessages: Late EndPlayMap Detection: Level '/Game/RollingBP/Maps/RollingBPExampleMap.RollingBPExampleMap:PersistentLevel' has LevelScriptBlueprint '/Game/RollingBP/Maps/RollingBPExampleMap.RollingBPExampleMap:PersistentLevel.RollingBPExampleMap' with GeneratedClass '/Game/RollingBP/Maps/RollingBPExampleMap.RollingBPExampleMap_C' with ClassGeneratedBy '/Game/RollingBP/Maps/RollingBPExampleMap.RollingBPExampleMap:PersistentLevel.RollingBPExampleMap'
[2016.02.13-14.07.38:580][309]LogParticles: Destroying 0 GPU particle simulations for FXSystem 0x00000171736AB380
[2016.02.13-14.07.42:548][547]LogEditorViewport: Clicking on Actor (LMB): StaticMeshActor (TemplateCube_Rounded_40)
[2016.02.13-14.07.51:640][ 68]LogEditorViewport: Clicking on Actor (LMB): StaticMeshActor (Ground)
[2016.02.13-14.07.53:388][162]LogEditorViewport: Clicking on Actor (LMB): StaticMeshActor (TemplateCube_Rounded_40)
[2016.02.13-14.07.58:642][456]LogEditorViewport: Clicking on Actor (LMB): BP_Sky_Sphere_C (SkyShereBlueprint)
[2016.02.13-14.08.00:599][566]LogBlueprintUserMessages: Early PlayInEditor Detection: Level '/Game/RollingBP/Maps/RollingBPExampleMap.RollingBPExampleMap:PersistentLevel' has LevelScriptBlueprint '/Game/RollingBP/Maps/RollingBPExampleMap.RollingBPExampleMap:PersistentLevel.RollingBPExampleMap' with GeneratedClass '/Game/RollingBP/Maps/RollingBPExampleMap.RollingBPExampleMap_C' with ClassGeneratedBy '/Game/RollingBP/Maps/RollingBPExampleMap.RollingBPExampleMap:PersistentLevel.RollingBPExampleMap'
[2016.02.13-14.08.00:599][566]LogPlayLevel: PlayLevel: No blueprints needed recompiling
[2016.02.13-14.08.00:599][566]PIE: New page: PIEセッション: RollingBPExampleMap (2016/02/14 8:08:00)
[2016.02.13-14.08.00:599][566]LogPlayLevel: Creating play world package: /Game/RollingBP/Maps/UEDPIE_0_RollingBPExampleMap
[2016.02.13-14.08.00:626][566]LogPlayLevel: PIE: StaticDuplicateObject took: (0.027085s)
[2016.02.13-14.08.00:627][566]LogAIModule: Creating AISystem for world RollingBPExampleMap
[2016.02.13-14.08.00:627][566]LogPlayLevel: PIE: World Init took: (0.001035s)
[2016.02.13-14.08.00:627][566]LogPlayLevel: PIE: Created PIE world by copying editor world from /Game/RollingBP/Maps/RollingBPExampleMap.RollingBPExampleMap to /Game/RollingBP/Maps/UEDPIE_0_RollingBPExampleMap.RollingBPExampleMap (0.028410s)
[2016.02.13-14.08.00:658][566]LogInit: XAudio2 using 'スピーカー (Realtek High Definition Audio(SST))' : 2 channels at 48 kHz using 32 bits per sample (channel mask 0x3)
[2016.02.13-14.08.00:663][566]LogInit: FAudioDevice initialized.
[2016.02.13-14.08.00:715][566]LogWorld: Game class is 'RollingGameMode_C'
[2016.02.13-14.08.00:726][566]LogWorld: Bringing World /Game/RollingBP/Maps/UEDPIE_0_RollingBPExampleMap.RollingBPExampleMap up for play (max tick rate 60) at 2016.02.13-23.08.00
[2016.02.13-14.08.00:726][566]LogActor:Warning: GameSession /Game/RollingBP/Maps/UEDPIE_0_RollingBPExampleMap.RollingBPExampleMap:PersistentLevel.GameSession_16 has natively added scene component(s), but none of them were set as the actor's RootComponent - picking one arbitrarily
[2016.02.13-14.08.00:726][566]LogActor:Warning: GameNetworkManager /Game/RollingBP/Maps/UEDPIE_0_RollingBPExampleMap.RollingBPExampleMap:PersistentLevel.GameNetworkManager_16 has natively added scene component(s), but none of them were set as the actor's RootComponent - picking one arbitrarily
[2016.02.13-14.08.00:727][566]LogWorld: Bringing up level for play took: 0.011369
[2016.02.13-14.08.00:729][566]PIE: 情報 /Game/RollingBP/Maps/UEDPIE_0_RollingBPExampleMap 0.72のプレイ イン エディタの開始時間
[2016.02.13-14.08.00:729][566]LogBlueprintUserMessages: Late PlayInEditor Detection: Level '/Game/RollingBP/Maps/RollingBPExampleMap.RollingBPExampleMap:PersistentLevel' has LevelScriptBlueprint '/Game/RollingBP/Maps/RollingBPExampleMap.RollingBPExampleMap:PersistentLevel.RollingBPExampleMap' with GeneratedClass '/Game/RollingBP/Maps/RollingBPExampleMap.RollingBPExampleMap_C' with ClassGeneratedBy '/Game/RollingBP/Maps/RollingBPExampleMap.RollingBPExampleMap:PersistentLevel.RollingBPExampleMap'
[2016.02.13-14.08.06:030][876]LogBlueprintUserMessages: Early EndPlayMap Detection: Level '/Game/RollingBP/Maps/RollingBPExampleMap.RollingBPExampleMap:PersistentLevel' has LevelScriptBlueprint '/Game/RollingBP/Maps/RollingBPExampleMap.RollingBPExampleMap:PersistentLevel.RollingBPExampleMap' with GeneratedClass '/Game/RollingBP/Maps/RollingBPExampleMap.RollingBPExampleMap_C' with ClassGeneratedBy '/Game/RollingBP/Maps/RollingBPExampleMap.RollingBPExampleMap:PersistentLevel.RollingBPExampleMap'
[2016.02.13-14.08.06:083][876]LogBlueprintUserMessages: Late EndPlayMap Detection: Level '/Game/RollingBP/Maps/RollingBPExampleMap.RollingBPExampleMap:PersistentLevel' has LevelScriptBlueprint '/Game/RollingBP/Maps/RollingBPExampleMap.RollingBPExampleMap:PersistentLevel.RollingBPExampleMap' with GeneratedClass '/Game/RollingBP/Maps/RollingBPExampleMap.RollingBPExampleMap_C' with ClassGeneratedBy '/Game/RollingBP/Maps/RollingBPExampleMap.RollingBPExampleMap:PersistentLevel.RollingBPExampleMap'
[2016.02.13-14.08.06:156][877]LogParticles: Destroying 0 GPU particle simulations for FXSystem 0x000001712295E700
[2016.02.13-14.08.07:381][949]LogEditorViewport: Clicking on Actor (LMB): StaticMeshActor (TemplateCube_Rounded_40)
[2016.02.13-14.08.21:480][683]LogEditorViewport: Clicking on Actor (LMB): StaticMeshActor (Ground)
[2016.02.13-14.08.22:487][739]LogEditorViewport: Clicking on Actor (LMB): StaticMeshActor (TemplateCube_Rounded_40)
[2016.02.13-14.08.36:876][514]Cmd: CAMERA ALIGN ACTIVEVIEWPORTONLY
[2016.02.13-14.08.41:566][794]LogEditorViewport: Clicking on Actor (context menu): BP_Sky_Sphere_C (SkyShereBlueprint)
[2016.02.13-14.08.43:723][917]LogEditorViewport: Clicking on Actor (LMB): BP_Sky_Sphere_C (SkyShereBlueprint)
[2016.02.13-14.08.51:833][393]LogEditorViewport: Clicking on Actor (LMB): StaticMeshActor (TemplateCube_Rounded_40)
[2016.02.13-14.09.03:731][ 15]LogBlueprintUserMessages: Early PlayInEditor Detection: Level '/Game/RollingBP/Maps/RollingBPExampleMap.RollingBPExampleMap:PersistentLevel' has LevelScriptBlueprint '/Game/RollingBP/Maps/RollingBPExampleMap.RollingBPExampleMap:PersistentLevel.RollingBPExampleMap' with GeneratedClass '/Game/RollingBP/Maps/RollingBPExampleMap.RollingBPExampleMap_C' with ClassGeneratedBy '/Game/RollingBP/Maps/RollingBPExampleMap.RollingBPExampleMap:PersistentLevel.RollingBPExampleMap'
[2016.02.13-14.09.03:731][ 15]LogPlayLevel: PlayLevel: No blueprints needed recompiling
[2016.02.13-14.09.03:731][ 15]PIE: New page: PIEセッション: RollingBPExampleMap (2016/02/14 8:09:03)
[2016.02.13-14.09.03:731][ 15]LogPlayLevel: Creating play world package: /Game/RollingBP/Maps/UEDPIE_0_RollingBPExampleMap
[2016.02.13-14.09.03:758][ 15]LogPlayLevel: PIE: StaticDuplicateObject took: (0.026510s)
[2016.02.13-14.09.03:759][ 15]LogAIModule: Creating AISystem for world RollingBPExampleMap
[2016.02.13-14.09.03:759][ 15]LogPlayLevel: PIE: World Init took: (0.000955s)
[2016.02.13-14.09.03:759][ 15]LogPlayLevel: PIE: Created PIE world by copying editor world from /Game/RollingBP/Maps/RollingBPExampleMap.RollingBPExampleMap to /Game/RollingBP/Maps/UEDPIE_0_RollingBPExampleMap.RollingBPExampleMap (0.027807s)
[2016.02.13-14.09.03:794][ 15]LogInit: XAudio2 using 'スピーカー (Realtek High Definition Audio(SST))' : 2 channels at 48 kHz using 32 bits per sample (channel mask 0x3)
[2016.02.13-14.09.03:800][ 15]LogInit: FAudioDevice initialized.
[2016.02.13-14.09.03:835][ 15]LogWorld: Game class is 'RollingGameMode_C'
[2016.02.13-14.09.03:841][ 15]LogWorld: Bringing World /Game/RollingBP/Maps/UEDPIE_0_RollingBPExampleMap.RollingBPExampleMap up for play (max tick rate 60) at 2016.02.13-23.09.03
[2016.02.13-14.09.03:841][ 15]LogActor:Warning: GameSession /Game/RollingBP/Maps/UEDPIE_0_RollingBPExampleMap.RollingBPExampleMap:PersistentLevel.GameSession_17 has natively added scene component(s), but none of them were set as the actor's RootComponent - picking one arbitrarily
[2016.02.13-14.09.03:841][ 15]LogActor:Warning: GameNetworkManager /Game/RollingBP/Maps/UEDPIE_0_RollingBPExampleMap.RollingBPExampleMap:PersistentLevel.GameNetworkManager_17 has natively added scene component(s), but none of them were set as the actor's RootComponent - picking one arbitrarily
[2016.02.13-14.09.03:841][ 15]LogWorld: Bringing up level for play took: 0.006121
[2016.02.13-14.09.03:842][ 15]PIE: 情報 /Game/RollingBP/Maps/UEDPIE_0_RollingBPExampleMap -0.167のプレイ イン エディタの開始時間
[2016.02.13-14.09.03:842][ 15]LogBlueprintUserMessages: Late PlayInEditor Detection: Level '/Game/RollingBP/Maps/RollingBPExampleMap.RollingBPExampleMap:PersistentLevel' has LevelScriptBlueprint '/Game/RollingBP/Maps/RollingBPExampleMap.RollingBPExampleMap:PersistentLevel.RollingBPExampleMap' with GeneratedClass '/Game/RollingBP/Maps/RollingBPExampleMap.RollingBPExampleMap_C' with ClassGeneratedBy '/Game/RollingBP/Maps/RollingBPExampleMap.RollingBPExampleMap:PersistentLevel.RollingBPExampleMap'
[2016.02.13-14.09.11:741][485]LogBlueprintUserMessages: Early EndPlayMap Detection: Level '/Game/RollingBP/Maps/RollingBPExampleMap.RollingBPExampleMap:PersistentLevel' has LevelScriptBlueprint '/Game/RollingBP/Maps/RollingBPExampleMap.RollingBPExampleMap:PersistentLevel.RollingBPExampleMap' with GeneratedClass '/Game/RollingBP/Maps/RollingBPExampleMap.RollingBPExampleMap_C' with ClassGeneratedBy '/Game/RollingBP/Maps/RollingBPExampleMap.RollingBPExampleMap:PersistentLevel.RollingBPExampleMap'
[2016.02.13-14.09.11:819][485]LogBlueprintUserMessages: Late EndPlayMap Detection: Level '/Game/RollingBP/Maps/RollingBPExampleMap.RollingBPExampleMap:PersistentLevel' has LevelScriptBlueprint '/Game/RollingBP/Maps/RollingBPExampleMap.RollingBPExampleMap:PersistentLevel.RollingBPExampleMap' with GeneratedClass '/Game/RollingBP/Maps/RollingBPExampleMap.RollingBPExampleMap_C' with ClassGeneratedBy '/Game/RollingBP/Maps/RollingBPExampleMap.RollingBPExampleMap:PersistentLevel.RollingBPExampleMap'
[2016.02.13-14.09.11:883][486]LogParticles: Destroying 0 GPU particle simulations for FXSystem 0x0000017163BA0E00
[2016.02.13-14.09.15:305][690]LogEditorViewport: Clicking on Actor (LMB): StaticMeshActor (TemplateCube_Rounded_67)
[2016.02.13-14.09.16:398][751]Cmd: DELETE
[2016.02.13-14.09.16:398][751]Cmd: ACTOR DELETE
[2016.02.13-14.09.24:763][751]LogEditorActor: Deleted Actor: StaticMeshActor
[2016.02.13-14.09.26:739][751]LogEditorActor: Deleted Actor: StaticMeshActor
[2016.02.13-14.09.26:740][751]LogEditorActor: Deleted Actor: StaticMeshActor
[2016.02.13-14.09.26:741][751]LogEditorActor: Deleted Actor: StaticMeshActor
[2016.02.13-14.09.26:741][751]LogEditorActor: Deleted Actor: StaticMeshActor
[2016.02.13-14.09.26:742][751]LogEditorActor: Deleted Actor: StaticMeshActor
[2016.02.13-14.09.26:766][751]LogEditorActor: Deleted 6 Actors (10.368 secs)
[2016.02.13-14.09.28:035][827]LogEditorViewport: Clicking on Actor (LMB): StaticMeshActor (TemplateCube_Rounded_37)
[2016.02.13-14.09.28:603][856]Cmd: DELETE
[2016.02.13-14.09.28:603][856]Cmd: ACTOR DELETE
[2016.02.13-14.09.28:604][856]LogEditorActor: Deleted Actor: StaticMeshActor
[2016.02.13-14.09.28:625][856]LogEditorActor: Deleted 1 Actors (0.022 secs)
[2016.02.13-14.09.29:231][893]LogEditorViewport: Clicking on Actor (LMB): StaticMeshActor (TemplateCube_Rounded_41)
[2016.02.13-14.09.29:581][910]Cmd: DELETE
[2016.02.13-14.09.29:581][910]Cmd: ACTOR DELETE
[2016.02.13-14.09.29:582][910]LogEditorActor: Deleted Actor: StaticMeshActor
[2016.02.13-14.09.29:604][910]LogEditorActor: Deleted 1 Actors (0.023 secs)
[2016.02.13-14.09.31:081][999]LogEditorViewport: Clicking on Actor (LMB): StaticMeshActor (TemplateCube_Rounded_28)
[2016.02.13-14.09.31:402][ 14]Cmd: DELETE
[2016.02.13-14.09.31:402][ 14]Cmd: ACTOR DELETE
[2016.02.13-14.09.32:933][ 14]LogEditorActor: Deleted Actor: StaticMeshActor
[2016.02.13-14.09.32:934][ 14]LogEditorActor: Deleted Actor: StaticMeshActor
[2016.02.13-14.09.32:934][ 14]LogEditorActor: Deleted Actor: StaticMeshActor
[2016.02.13-14.09.32:935][ 14]LogEditorActor: Deleted Actor: StaticMeshActor
[2016.02.13-14.09.32:935][ 14]LogEditorActor: Deleted Actor: StaticMeshActor
[2016.02.13-14.09.32:936][ 14]LogEditorActor: Deleted Actor: StaticMeshActor
[2016.02.13-14.09.32:936][ 14]LogEditorActor: Deleted Actor: StaticMeshActor
[2016.02.13-14.09.32:936][ 14]LogEditorActor: Deleted Actor: StaticMeshActor
[2016.02.13-14.09.32:937][ 14]LogEditorActor: Deleted Actor: StaticMeshActor
[2016.02.13-14.09.32:937][ 14]LogEditorActor: Deleted Actor: StaticMeshActor
[2016.02.13-14.09.32:938][ 14]LogEditorActor: Deleted Actor: StaticMeshActor
[2016.02.13-14.09.32:965][ 14]LogEditorActor: Deleted 11 Actors (1.562 secs)
[2016.02.13-14.09.36:276][212]LogEditorViewport: Clicking on Actor (LMB): BP_Sky_Sphere_C (SkyShereBlueprint)
[2016.02.13-14.09.39:885][424]LogEditorViewport: Clicking on Actor (LMB): PostProcessVolume (PostProcessVolume)
[2016.02.13-14.09.43:452][633]LogEditorViewport: Clicking on Actor (LMB): StaticMeshActor (TemplateCube_Rounded_62)
[2016.02.13-14.09.44:852][712]Cmd: DELETE
[2016.02.13-14.09.44:852][712]Cmd: ACTOR DELETE
[2016.02.13-14.09.46:571][712]LogEditorActor: Deleted Actor: StaticMeshActor
[2016.02.13-14.09.46:571][712]LogEditorActor: Deleted Actor: StaticMeshActor
[2016.02.13-14.09.46:572][712]LogEditorActor: Deleted Actor: StaticMeshActor
[2016.02.13-14.09.46:572][712]LogEditorActor: Deleted Actor: StaticMeshActor
[2016.02.13-14.09.46:572][712]LogEditorActor: Deleted Actor: StaticMeshActor
[2016.02.13-14.09.46:572][712]LogEditorActor: Deleted Actor: StaticMeshActor
[2016.02.13-14.09.46:594][712]LogEditorActor: Deleted 6 Actors (1.742 secs)
[2016.02.13-14.09.50:235][930]LogEditorViewport: Clicking on Actor (LMB): PhysicsBallBP_C (PhysicsBallBP)
[2016.02.13-14.09.52:486][ 60]LogEditorViewport: Clicking on Actor (LMB): BP_Sky_Sphere_C (SkyShereBlueprint)
[2016.02.13-14.09.57:438][352]LogEditorViewport: Clicking on Actor (LMB): StaticMeshActor (TemplateCube_Rounded_43)
[2016.02.13-14.09.57:835][371]Cmd: DELETE
[2016.02.13-14.09.57:835][371]Cmd: ACTOR DELETE
[2016.02.13-14.09.57:836][371]LogEditorActor: Deleted Actor: StaticMeshActor
[2016.02.13-14.09.57:859][371]LogEditorActor: Deleted 1 Actors (0.024 secs)
[2016.02.13-14.09.59:099][446]LogEditorViewport: Clicking on Actor (LMB): StaticMeshActor (TemplateCube_Rounded_5)
[2016.02.13-14.09.59:532][468]Cmd: DELETE
[2016.02.13-14.09.59:532][468]Cmd: ACTOR DELETE
[2016.02.13-14.09.59:533][468]LogEditorActor: Deleted Actor: StaticMeshActor
[2016.02.13-14.09.59:558][468]LogEditorActor: Deleted 1 Actors (0.026 secs)
[2016.02.13-14.10.00:450][520]LogEditorViewport: Clicking on Actor (LMB): StaticMeshActor (TemplateCube_Rounded_6)
[2016.02.13-14.10.00:748][534]Cmd: DELETE
[2016.02.13-14.10.00:749][534]Cmd: ACTOR DELETE
[2016.02.13-14.10.00:749][534]LogEditorActor: Deleted Actor: StaticMeshActor
[2016.02.13-14.10.00:778][534]LogEditorActor: Deleted 1 Actors (0.030 secs)
[2016.02.13-14.10.01:588][583]LogEditorViewport: Clicking on Actor (LMB): StaticMeshActor (TemplateCube_Rounded_7)
[2016.02.13-14.10.02:158][613]Cmd: DELETE
[2016.02.13-14.10.02:158][613]Cmd: ACTOR DELETE
[2016.02.13-14.10.02:159][613]LogEditorActor: Deleted Actor: StaticMeshActor
[2016.02.13-14.10.02:185][613]LogEditorActor: Deleted 1 Actors (0.027 secs)
[2016.02.13-14.10.03:228][676]LogEditorViewport: Clicking on Actor (LMB): StaticMeshActor (TemplateCube_Rounded_44)
[2016.02.13-14.10.03:480][687]Cmd: DELETE
[2016.02.13-14.10.03:480][687]Cmd: ACTOR DELETE
[2016.02.13-14.10.03:480][687]LogEditorActor: Deleted Actor: StaticMeshActor
[2016.02.13-14.10.03:500][687]LogEditorActor: Deleted 1 Actors (0.020 secs)
[2016.02.13-14.10.04:807][766]LogEditorViewport: Clicking on Actor (LMB): StaticMeshActor (TemplateCube_Rounded_8)
[2016.02.13-14.10.05:175][784]Cmd: DELETE
[2016.02.13-14.10.05:175][784]Cmd: ACTOR DELETE
[2016.02.13-14.10.05:176][784]LogEditorActor: Deleted Actor: StaticMeshActor
[2016.02.13-14.10.05:198][784]LogEditorActor: Deleted 1 Actors (0.023 secs)
[2016.02.13-14.10.08:782][999]LogEditorViewport: Clicking on Actor (LMB): StaticMeshActor (TemplateCube_Rounded_40)
[2016.02.13-14.10.10:212][ 80]Cmd: EDIT COPY
[2016.02.13-14.10.11:278][144]Cmd: EDIT PASTE
[2016.02.13-14.10.21:873][736]LogEditorViewport: Clicking on Actor (LMB): BP_Sky_Sphere_C (SkyShereBlueprint)
[2016.02.13-14.10.22:886][793]LogEditorViewport: Clicking on Actor (LMB): StaticMeshActor (TemplateCube_Rounded_41)
[2016.02.13-14.10.23:540][827]Cmd: EDIT COPY
[2016.02.13-14.10.23:974][853]Cmd: EDIT PASTE
[2016.02.13-14.10.39:063][571]LogEditorViewport: Clicking on Actor (LMB): BP_Sky_Sphere_C (SkyShereBlueprint)
[2016.02.13-14.10.40:097][629]LogEditorViewport: Clicking on Actor (LMB): StaticMeshActor (TemplateCube_Rounded_42)
[2016.02.13-14.10.40:631][656]Cmd: EDIT COPY
[2016.02.13-14.10.41:147][687]Cmd: EDIT PASTE
[2016.02.13-14.10.48:857][ 62]LogEditorViewport: Clicking on Actor (LMB): BP_Sky_Sphere_C (SkyShereBlueprint)
[2016.02.13-14.10.50:242][139]LogBlueprintUserMessages: Early PlayInEditor Detection: Level '/Game/RollingBP/Maps/RollingBPExampleMap.RollingBPExampleMap:PersistentLevel' has LevelScriptBlueprint '/Game/RollingBP/Maps/RollingBPExampleMap.RollingBPExampleMap:PersistentLevel.RollingBPExampleMap' with GeneratedClass '/Game/RollingBP/Maps/RollingBPExampleMap.RollingBPExampleMap_C' with ClassGeneratedBy '/Game/RollingBP/Maps/RollingBPExampleMap.RollingBPExampleMap:PersistentLevel.RollingBPExampleMap'
[2016.02.13-14.10.50:242][139]LogPlayLevel: PlayLevel: No blueprints needed recompiling
[2016.02.13-14.10.50:242][139]PIE: New page: PIEセッション: RollingBPExampleMap (2016/02/14 8:10:50)
[2016.02.13-14.10.50:242][139]LogPlayLevel: Creating play world package: /Game/RollingBP/Maps/UEDPIE_0_RollingBPExampleMap
[2016.02.13-14.10.50:266][139]LogPlayLevel: PIE: StaticDuplicateObject took: (0.024458s)
[2016.02.13-14.10.50:267][139]LogAIModule: Creating AISystem for world RollingBPExampleMap
[2016.02.13-14.10.50:268][139]LogPlayLevel: PIE: World Init took: (0.001199s)
[2016.02.13-14.10.50:268][139]LogPlayLevel: PIE: Created PIE world by copying editor world from /Game/RollingBP/Maps/RollingBPExampleMap.RollingBPExampleMap to /Game/RollingBP/Maps/UEDPIE_0_RollingBPExampleMap.RollingBPExampleMap (0.025957s)
[2016.02.13-14.10.50:299][139]LogInit: XAudio2 using 'スピーカー (Realtek High Definition Audio(SST))' : 2 channels at 48 kHz using 32 bits per sample (channel mask 0x3)
[2016.02.13-14.10.50:306][139]LogInit: FAudioDevice initialized.
[2016.02.13-14.10.50:343][139]LogWorld: Game class is 'RollingGameMode_C'
[2016.02.13-14.10.50:347][139]LogWorld: Bringing World /Game/RollingBP/Maps/UEDPIE_0_RollingBPExampleMap.RollingBPExampleMap up for play (max tick rate 60) at 2016.02.13-23.10.50
[2016.02.13-14.10.50:347][139]LogActor:Warning: GameSession /Game/RollingBP/Maps/UEDPIE_0_RollingBPExampleMap.RollingBPExampleMap:PersistentLevel.GameSession_18 has natively added scene component(s), but none of them were set as the actor's RootComponent - picking one arbitrarily
[2016.02.13-14.10.50:347][139]LogActor:Warning: GameNetworkManager /Game/RollingBP/Maps/UEDPIE_0_RollingBPExampleMap.RollingBPExampleMap:PersistentLevel.GameNetworkManager_18 has natively added scene component(s), but none of them were set as the actor's RootComponent - picking one arbitrarily
[2016.02.13-14.10.50:347][139]LogWorld: Bringing up level for play took: 0.003613
[2016.02.13-14.10.50:348][139]PIE: 情報 /Game/RollingBP/Maps/UEDPIE_0_RollingBPExampleMap 0.34のプレイ イン エディタの開始時間
[2016.02.13-14.10.50:348][139]LogBlueprintUserMessages: Late PlayInEditor Detection: Level '/Game/RollingBP/Maps/RollingBPExampleMap.RollingBPExampleMap:PersistentLevel' has LevelScriptBlueprint '/Game/RollingBP/Maps/RollingBPExampleMap.RollingBPExampleMap:PersistentLevel.RollingBPExampleMap' with GeneratedClass '/Game/RollingBP/Maps/RollingBPExampleMap.RollingBPExampleMap_C' with ClassGeneratedBy '/Game/RollingBP/Maps/RollingBPExampleMap.RollingBPExampleMap:PersistentLevel.RollingBPExampleMap'
[2016.02.13-14.11.03:022][891]LogBlueprintUserMessages: Early EndPlayMap Detection: Level '/Game/RollingBP/Maps/RollingBPExampleMap.RollingBPExampleMap:PersistentLevel' has LevelScriptBlueprint '/Game/RollingBP/Maps/RollingBPExampleMap.RollingBPExampleMap:PersistentLevel.RollingBPExampleMap' with GeneratedClass '/Game/RollingBP/Maps/RollingBPExampleMap.RollingBPExampleMap_C' with ClassGeneratedBy '/Game/RollingBP/Maps/RollingBPExampleMap.RollingBPExampleMap:PersistentLevel.RollingBPExampleMap'
[2016.02.13-14.11.03:075][891]LogBlueprintUserMessages: Late EndPlayMap Detection: Level '/Game/RollingBP/Maps/RollingBPExampleMap.RollingBPExampleMap:PersistentLevel' has LevelScriptBlueprint '/Game/RollingBP/Maps/RollingBPExampleMap.RollingBPExampleMap:PersistentLevel.RollingBPExampleMap' with GeneratedClass '/Game/RollingBP/Maps/RollingBPExampleMap.RollingBPExampleMap_C' with ClassGeneratedBy '/Game/RollingBP/Maps/RollingBPExampleMap.RollingBPExampleMap:PersistentLevel.RollingBPExampleMap'
[2016.02.13-14.11.03:100][891]LogParticles: Destroying 0 GPU particle simulations for FXSystem 0x00000171546F6DE0
[2016.02.13-14.12.16:974][261]LogBlueprintUserMessages: Early PlayInEditor Detection: Level '/Game/RollingBP/Maps/RollingBPExampleMap.RollingBPExampleMap:PersistentLevel' has LevelScriptBlueprint '/Game/RollingBP/Maps/RollingBPExampleMap.RollingBPExampleMap:PersistentLevel.RollingBPExampleMap' with GeneratedClass '/Game/RollingBP/Maps/RollingBPExampleMap.RollingBPExampleMap_C' with ClassGeneratedBy '/Game/RollingBP/Maps/RollingBPExampleMap.RollingBPExampleMap:PersistentLevel.RollingBPExampleMap'
[2016.02.13-14.12.16:974][261]LogPlayLevel: PlayLevel: No blueprints needed recompiling
[2016.02.13-14.12.16:974][261]PIE: New page: PIEセッション: RollingBPExampleMap (2016/02/14 8:12:16)
[2016.02.13-14.12.16:974][261]LogPlayLevel: Creating play world package: /Game/RollingBP/Maps/UEDPIE_0_RollingBPExampleMap
[2016.02.13-14.12.16:995][261]LogPlayLevel: PIE: StaticDuplicateObject took: (0.021171s)
[2016.02.13-14.12.16:996][261]LogAIModule: Creating AISystem for world RollingBPExampleMap
[2016.02.13-14.12.16:996][261]LogPlayLevel: PIE: World Init took: (0.001020s)
[2016.02.13-14.12.16:997][261]LogPlayLevel: PIE: Created PIE world by copying editor world from /Game/RollingBP/Maps/RollingBPExampleMap.RollingBPExampleMap to /Game/RollingBP/Maps/UEDPIE_0_RollingBPExampleMap.RollingBPExampleMap (0.022483s)
[2016.02.13-14.12.17:054][261]LogInit: XAudio2 using 'スピーカー (Realtek High Definition Audio(SST))' : 2 channels at 48 kHz using 32 bits per sample (channel mask 0x3)
[2016.02.13-14.12.17:059][261]LogInit: FAudioDevice initialized.
[2016.02.13-14.12.17:093][261]LogWorld: Game class is 'RollingGameMode_C'
[2016.02.13-14.12.17:098][261]LogWorld: Bringing World /Game/RollingBP/Maps/UEDPIE_0_RollingBPExampleMap.RollingBPExampleMap up for play (max tick rate 60) at 2016.02.13-23.12.17
[2016.02.13-14.12.17:098][261]LogActor:Warning: GameSession /Game/RollingBP/Maps/UEDPIE_0_RollingBPExampleMap.RollingBPExampleMap:PersistentLevel.GameSession_19 has natively added scene component(s), but none of them were set as the actor's RootComponent - picking one arbitrarily
[2016.02.13-14.12.17:099][261]LogActor:Warning: GameNetworkManager /Game/RollingBP/Maps/UEDPIE_0_RollingBPExampleMap.RollingBPExampleMap:PersistentLevel.GameNetworkManager_19 has natively added scene component(s), but none of them were set as the actor's RootComponent - picking one arbitrarily
[2016.02.13-14.12.17:099][261]LogWorld: Bringing up level for play took: 0.004740
[2016.02.13-14.12.17:100][261]PIE: 情報 /Game/RollingBP/Maps/UEDPIE_0_RollingBPExampleMap 1.091のプレイ イン エディタの開始時間
[2016.02.13-14.12.17:100][261]LogBlueprintUserMessages: Late PlayInEditor Detection: Level '/Game/RollingBP/Maps/RollingBPExampleMap.RollingBPExampleMap:PersistentLevel' has LevelScriptBlueprint '/Game/RollingBP/Maps/RollingBPExampleMap.RollingBPExampleMap:PersistentLevel.RollingBPExampleMap' with GeneratedClass '/Game/RollingBP/Maps/RollingBPExampleMap.RollingBPExampleMap_C' with ClassGeneratedBy '/Game/RollingBP/Maps/RollingBPExampleMap.RollingBPExampleMap:PersistentLevel.RollingBPExampleMap'
[2016.02.13-14.12.31:055][ 94]LogBlueprintUserMessages: Early EndPlayMap Detection: Level '/Game/RollingBP/Maps/RollingBPExampleMap.RollingBPExampleMap:PersistentLevel' has LevelScriptBlueprint '/Game/RollingBP/Maps/RollingBPExampleMap.RollingBPExampleMap:PersistentLevel.RollingBPExampleMap' with GeneratedClass '/Game/RollingBP/Maps/RollingBPExampleMap.RollingBPExampleMap_C' with ClassGeneratedBy '/Game/RollingBP/Maps/RollingBPExampleMap.RollingBPExampleMap:PersistentLevel.RollingBPExampleMap'
[2016.02.13-14.12.31:112][ 94]LogBlueprintUserMessages: Late EndPlayMap Detection: Level '/Game/RollingBP/Maps/RollingBPExampleMap.RollingBPExampleMap:PersistentLevel' has LevelScriptBlueprint '/Game/RollingBP/Maps/RollingBPExampleMap.RollingBPExampleMap:PersistentLevel.RollingBPExampleMap' with GeneratedClass '/Game/RollingBP/Maps/RollingBPExampleMap.RollingBPExampleMap_C' with ClassGeneratedBy '/Game/RollingBP/Maps/RollingBPExampleMap.RollingBPExampleMap:PersistentLevel.RollingBPExampleMap'
[2016.02.13-14.12.31:135][ 94]LogParticles: Destroying 0 GPU particle simulations for FXSystem 0x0000017173928540
[2016.02.13-14.12.36:950][436]LogEditorViewport: Clicking on Actor (LMB): StaticMeshActor (TemplateCube_Rounded_45)
[2016.02.13-14.12.38:698][534]Cmd: DELETE
[2016.02.13-14.12.38:698][534]Cmd: ACTOR DELETE
[2016.02.13-14.12.38:699][534]LogEditorActor: Deleted Actor: StaticMeshActor
[2016.02.13-14.12.38:719][534]LogEditorActor: Deleted 1 Actors (0.020 secs)
[2016.02.13-14.12.39:745][596]LogEditorViewport: Clicking on Actor (LMB): StaticMeshActor (TemplateCube_Rounded_46)
[2016.02.13-14.12.39:984][606]Cmd: DELETE
[2016.02.13-14.12.39:984][606]Cmd: ACTOR DELETE
[2016.02.13-14.12.39:985][606]LogEditorActor: Deleted Actor: StaticMeshActor
[2016.02.13-14.12.40:013][606]LogEditorActor: Deleted 1 Actors (0.029 secs)
[2016.02.13-14.12.56:418][574]LogSavePackage: Save=158.028778ms
[2016.02.13-14.12.56:418][574]LogSavePackage: Moving '../../../../../../Users/kotaoue/Documents/Unreal Projects/DJYamabiko/Saved/RollingBPExampleMap_Auto2BAEAE35542FD16194188B69B607E2279.tmp' to '../../../../../../Users/kotaoue/Documents/Unreal Projects/DJYamabiko/Saved/Autosaves/Game/RollingBP/Maps/RollingBPExampleMap_Auto2.umap'
[2016.02.13-14.12.56:421][574]LogSavePackage: Total save time: 186.931659ms
[2016.02.13-14.12.56:421][574]LogSavePackage:Display: Finished SavePackage ../../../../../../Users/kotaoue/Documents/Unreal Projects/DJYamabiko/Saved/Autosaves/Game/RollingBP/Maps/RollingBPExampleMap_Auto2.umap
[2016.02.13-14.12.56:423][574]LogFileHelpers: Editor autosave (incl. sublevels) for '/Game/RollingBP/Maps/RollingBPExampleMap' took 0.213
[2016.02.13-14.12.56:423][574]LogFileHelpers: Editor autosave (incl. sublevels) for all levels took 0.213
[2016.02.13-14.13.20:996][ 43]LogEditorViewport: Clicking on Actor (LMB): StaticMeshActor (TemplateCube_Rounded_49)
[2016.02.13-14.13.22:317][118]Cmd: DELETE
[2016.02.13-14.13.22:317][118]Cmd: ACTOR DELETE
[2016.02.13-14.13.22:319][118]LogEditorActor: Deleted Actor: StaticMeshActor
[2016.02.13-14.13.22:344][118]LogEditorActor: Deleted 1 Actors (0.026 secs)
[2016.02.13-14.13.22:907][152]LogEditorViewport: Clicking on Actor (LMB): StaticMeshActor (TemplateCube_Rounded_47)
[2016.02.13-14.13.23:209][166]Cmd: DELETE
[2016.02.13-14.13.23:209][166]Cmd: ACTOR DELETE
[2016.02.13-14.13.23:210][166]LogEditorActor: Deleted Actor: StaticMeshActor
[2016.02.13-14.13.23:229][166]LogEditorActor: Deleted 1 Actors (0.020 secs)
[2016.02.13-14.13.23:822][202]LogEditorViewport: Clicking on Actor (LMB): StaticMeshActor (TemplateCube_Rounded_48)
[2016.02.13-14.13.24:041][211]Cmd: DELETE
[2016.02.13-14.13.24:041][211]Cmd: ACTOR DELETE
[2016.02.13-14.13.24:042][211]LogEditorActor: Deleted Actor: StaticMeshActor
[2016.02.13-14.13.24:062][211]LogEditorActor: Deleted 1 Actors (0.021 secs)
[2016.02.13-14.13.24:621][245]LogEditorViewport: Clicking on Actor (LMB): StaticMeshActor (TemplateCube_Rounded_50)
[2016.02.13-14.13.24:928][259]Cmd: DELETE
[2016.02.13-14.13.24:928][259]Cmd: ACTOR DELETE
[2016.02.13-14.13.24:928][259]LogEditorActor: Deleted Actor: StaticMeshActor
[2016.02.13-14.13.24:950][259]LogEditorActor: Deleted 1 Actors (0.022 secs)
[2016.02.13-14.13.25:550][295]LogEditorViewport: Clicking on Actor (LMB): StaticMeshActor (TemplateCube_Rounded_42)
[2016.02.13-14.13.26:651][356]LogEditorViewport: Clicking on Actor (LMB): BP_Sky_Sphere_C (SkyShereBlueprint)
[2016.02.13-14.13.29:437][517]LogEditorViewport: Clicking on Actor (LMB): StaticMeshActor (TemplateCube_Rounded_42)
[2016.02.13-14.13.41:714][173]LogEditorViewport: Clicking on Actor (LMB): StaticMeshActor (TemplateCube_Rounded_40)
[2016.02.13-14.14.19:757][197]LogBlueprintUserMessages: Early PlayInEditor Detection: Level '/Game/RollingBP/Maps/RollingBPExampleMap.RollingBPExampleMap:PersistentLevel' has LevelScriptBlueprint '/Game/RollingBP/Maps/RollingBPExampleMap.RollingBPExampleMap:PersistentLevel.RollingBPExampleMap' with GeneratedClass '/Game/RollingBP/Maps/RollingBPExampleMap.RollingBPExampleMap_C' with ClassGeneratedBy '/Game/RollingBP/Maps/RollingBPExampleMap.RollingBPExampleMap:PersistentLevel.RollingBPExampleMap'
[2016.02.13-14.14.19:757][197]LogPlayLevel: PlayLevel: No blueprints needed recompiling
[2016.02.13-14.14.19:757][197]PIE: New page: PIEセッション: RollingBPExampleMap (2016/02/14 8:14:19)
[2016.02.13-14.14.19:757][197]LogPlayLevel: Creating play world package: /Game/RollingBP/Maps/UEDPIE_0_RollingBPExampleMap
[2016.02.13-14.14.19:776][197]LogPlayLevel: PIE: StaticDuplicateObject took: (0.018419s)
[2016.02.13-14.14.19:776][197]LogAIModule: Creating AISystem for world RollingBPExampleMap
[2016.02.13-14.14.19:777][197]LogPlayLevel: PIE: World Init took: (0.001050s)
[2016.02.13-14.14.19:777][197]LogPlayLevel: PIE: Created PIE world by copying editor world from /Game/RollingBP/Maps/RollingBPExampleMap.RollingBPExampleMap to /Game/RollingBP/Maps/UEDPIE_0_RollingBPExampleMap.RollingBPExampleMap (0.019775s)
[2016.02.13-14.14.19:803][197]LogInit: XAudio2 using 'スピーカー (Realtek High Definition Audio(SST))' : 2 channels at 48 kHz using 32 bits per sample (channel mask 0x3)
[2016.02.13-14.14.19:809][197]LogInit: FAudioDevice initialized.
[2016.02.13-14.14.19:845][197]LogWorld: Game class is 'RollingGameMode_C'
[2016.02.13-14.14.19:848][197]LogWorld: Bringing World /Game/RollingBP/Maps/UEDPIE_0_RollingBPExampleMap.RollingBPExampleMap up for play (max tick rate 60) at 2016.02.13-23.14.19
[2016.02.13-14.14.19:848][197]LogActor:Warning: GameSession /Game/RollingBP/Maps/UEDPIE_0_RollingBPExampleMap.RollingBPExampleMap:PersistentLevel.GameSession_20 has natively added scene component(s), but none of them were set as the actor's RootComponent - picking one arbitrarily
[2016.02.13-14.14.19:849][197]LogActor:Warning: GameNetworkManager /Game/RollingBP/Maps/UEDPIE_0_RollingBPExampleMap.RollingBPExampleMap:PersistentLevel.GameNetworkManager_20 has natively added scene component(s), but none of them were set as the actor's RootComponent - picking one arbitrarily
[2016.02.13-14.14.19:849][197]LogWorld: Bringing up level for play took: 0.003183
[2016.02.13-14.14.19:850][197]PIE: 情報 /Game/RollingBP/Maps/UEDPIE_0_RollingBPExampleMap -0.159のプレイ イン エディタの開始時間
[2016.02.13-14.14.19:850][197]LogBlueprintUserMessages: Late PlayInEditor Detection: Level '/Game/RollingBP/Maps/RollingBPExampleMap.RollingBPExampleMap:PersistentLevel' has LevelScriptBlueprint '/Game/RollingBP/Maps/RollingBPExampleMap.RollingBPExampleMap:PersistentLevel.RollingBPExampleMap' with GeneratedClass '/Game/RollingBP/Maps/RollingBPExampleMap.RollingBPExampleMap_C' with ClassGeneratedBy '/Game/RollingBP/Maps/RollingBPExampleMap.RollingBPExampleMap:PersistentLevel.RollingBPExampleMap'
[2016.02.13-14.14.31:547][895]LogBlueprintUserMessages: Early EndPlayMap Detection: Level '/Game/RollingBP/Maps/RollingBPExampleMap.RollingBPExampleMap:PersistentLevel' has LevelScriptBlueprint '/Game/RollingBP/Maps/RollingBPExampleMap.RollingBPExampleMap:PersistentLevel.RollingBPExampleMap' with GeneratedClass '/Game/RollingBP/Maps/RollingBPExampleMap.RollingBPExampleMap_C' with ClassGeneratedBy '/Game/RollingBP/Maps/RollingBPExampleMap.RollingBPExampleMap:PersistentLevel.RollingBPExampleMap'
[2016.02.13-14.14.31:616][895]LogBlueprintUserMessages: Late EndPlayMap Detection: Level '/Game/RollingBP/Maps/RollingBPExampleMap.RollingBPExampleMap:PersistentLevel' has LevelScriptBlueprint '/Game/RollingBP/Maps/RollingBPExampleMap.RollingBPExampleMap:PersistentLevel.RollingBPExampleMap' with GeneratedClass '/Game/RollingBP/Maps/RollingBPExampleMap.RollingBPExampleMap_C' with ClassGeneratedBy '/Game/RollingBP/Maps/RollingBPExampleMap.RollingBPExampleMap:PersistentLevel.RollingBPExampleMap'
[2016.02.13-14.14.31:672][896]LogParticles: Destroying 0 GPU particle simulations for FXSystem 0x000001715F70B6A0
[2016.02.13-14.14.33:073][980]LogEditorViewport: Clicking on Actor (LMB): StaticMeshActor (TemplateCube_Rounded_41)
[2016.02.13-14.14.39:237][283]LogEditorViewport: Clicking on Actor (LMB): BP_Sky_Sphere_C (SkyShereBlueprint)
[2016.02.13-14.14.44:551][595]Cmd: CAMERA ALIGN ACTIVEVIEWPORTONLY
[2016.02.13-14.14.49:716][860]LogEditorViewport: Clicking on Actor (LMB): BP_Sky_Sphere_C (SkyShereBlueprint)
[2016.02.13-14.14.51:450][959]LogBlueprintUserMessages: Early PlayInEditor Detection: Level '/Game/RollingBP/Maps/RollingBPExampleMap.RollingBPExampleMap:PersistentLevel' has LevelScriptBlueprint '/Game/RollingBP/Maps/RollingBPExampleMap.RollingBPExampleMap:PersistentLevel.RollingBPExampleMap' with GeneratedClass '/Game/RollingBP/Maps/RollingBPExampleMap.RollingBPExampleMap_C' with ClassGeneratedBy '/Game/RollingBP/Maps/RollingBPExampleMap.RollingBPExampleMap:PersistentLevel.RollingBPExampleMap'
[2016.02.13-14.14.51:450][959]LogPlayLevel: PlayLevel: No blueprints needed recompiling
[2016.02.13-14.14.51:451][959]PIE: New page: PIEセッション: RollingBPExampleMap (2016/02/14 8:14:51)
[2016.02.13-14.14.51:451][959]LogPlayLevel: Creating play world package: /Game/RollingBP/Maps/UEDPIE_0_RollingBPExampleMap
[2016.02.13-14.14.51:468][959]LogPlayLevel: PIE: StaticDuplicateObject took: (0.017421s)
[2016.02.13-14.14.51:469][959]LogAIModule: Creating AISystem for world RollingBPExampleMap
[2016.02.13-14.14.51:469][959]LogPlayLevel: PIE: World Init took: (0.001210s)
[2016.02.13-14.14.51:470][959]LogPlayLevel: PIE: Created PIE world by copying editor world from /Game/RollingBP/Maps/RollingBPExampleMap.RollingBPExampleMap to /Game/RollingBP/Maps/UEDPIE_0_RollingBPExampleMap.RollingBPExampleMap (0.018929s)
[2016.02.13-14.14.51:497][959]LogInit: XAudio2 using 'スピーカー (Realtek High Definition Audio(SST))' : 2 channels at 48 kHz using 32 bits per sample (channel mask 0x3)
[2016.02.13-14.14.51:503][959]LogInit: FAudioDevice initialized.
[2016.02.13-14.14.51:539][959]LogWorld: Game class is 'RollingGameMode_C'
[2016.02.13-14.14.51:542][959]LogWorld: Bringing World /Game/RollingBP/Maps/UEDPIE_0_RollingBPExampleMap.RollingBPExampleMap up for play (max tick rate 60) at 2016.02.13-23.14.51
[2016.02.13-14.14.51:542][959]LogActor:Warning: GameSession /Game/RollingBP/Maps/UEDPIE_0_RollingBPExampleMap.RollingBPExampleMap:PersistentLevel.GameSession_21 has natively added scene component(s), but none of them were set as the actor's RootComponent - picking one arbitrarily
[2016.02.13-14.14.51:542][959]LogActor:Warning: GameNetworkManager /Game/RollingBP/Maps/UEDPIE_0_RollingBPExampleMap.RollingBPExampleMap:PersistentLevel.GameNetworkManager_21 has natively added scene component(s), but none of them were set as the actor's RootComponent - picking one arbitrarily
[2016.02.13-14.14.51:542][959]LogWorld: Bringing up level for play took: 0.003029
[2016.02.13-14.14.51:543][959]PIE: 情報 /Game/RollingBP/Maps/UEDPIE_0_RollingBPExampleMap -0.466のプレイ イン エディタの開始時間
[2016.02.13-14.14.51:543][959]LogBlueprintUserMessages: Late PlayInEditor Detection: Level '/Game/RollingBP/Maps/RollingBPExampleMap.RollingBPExampleMap:PersistentLevel' has LevelScriptBlueprint '/Game/RollingBP/Maps/RollingBPExampleMap.RollingBPExampleMap:PersistentLevel.RollingBPExampleMap' with GeneratedClass '/Game/RollingBP/Maps/RollingBPExampleMap.RollingBPExampleMap_C' with ClassGeneratedBy '/Game/RollingBP/Maps/RollingBPExampleMap.RollingBPExampleMap:PersistentLevel.RollingBPExampleMap'
[2016.02.13-14.14.58:331][362]LogBlueprintUserMessages: Early EndPlayMap Detection: Level '/Game/RollingBP/Maps/RollingBPExampleMap.RollingBPExampleMap:PersistentLevel' has LevelScriptBlueprint '/Game/RollingBP/Maps/RollingBPExampleMap.RollingBPExampleMap:PersistentLevel.RollingBPExampleMap' with GeneratedClass '/Game/RollingBP/Maps/RollingBPExampleMap.RollingBPExampleMap_C' with ClassGeneratedBy '/Game/RollingBP/Maps/RollingBPExampleMap.RollingBPExampleMap:PersistentLevel.RollingBPExampleMap'
[2016.02.13-14.14.58:378][362]LogBlueprintUserMessages: Late EndPlayMap Detection: Level '/Game/RollingBP/Maps/RollingBPExampleMap.RollingBPExampleMap:PersistentLevel' has LevelScriptBlueprint '/Game/RollingBP/Maps/RollingBPExampleMap.RollingBPExampleMap:PersistentLevel.RollingBPExampleMap' with GeneratedClass '/Game/RollingBP/Maps/RollingBPExampleMap.RollingBPExampleMap_C' with ClassGeneratedBy '/Game/RollingBP/Maps/RollingBPExampleMap.RollingBPExampleMap:PersistentLevel.RollingBPExampleMap'
[2016.02.13-14.14.58:438][363]LogParticles: Destroying 0 GPU particle simulations for FXSystem 0x000001717392B600
[2016.02.13-14.15.00:355][476]LogBlueprintUserMessages: Early PlayInEditor Detection: Level '/Game/RollingBP/Maps/RollingBPExampleMap.RollingBPExampleMap:PersistentLevel' has LevelScriptBlueprint '/Game/RollingBP/Maps/RollingBPExampleMap.RollingBPExampleMap:PersistentLevel.RollingBPExampleMap' with GeneratedClass '/Game/RollingBP/Maps/RollingBPExampleMap.RollingBPExampleMap_C' with ClassGeneratedBy '/Game/RollingBP/Maps/RollingBPExampleMap.RollingBPExampleMap:PersistentLevel.RollingBPExampleMap'
[2016.02.13-14.15.00:355][476]LogPlayLevel: PlayLevel: No blueprints needed recompiling
[2016.02.13-14.15.00:355][476]PIE: New page: PIEセッション: RollingBPExampleMap (2016/02/14 8:15:00)
[2016.02.13-14.15.00:355][476]LogPlayLevel: Creating play world package: /Game/RollingBP/Maps/UEDPIE_0_RollingBPExampleMap
[2016.02.13-14.15.00:371][476]LogPlayLevel: PIE: StaticDuplicateObject took: (0.016540s)
[2016.02.13-14.15.00:372][476]LogAIModule: Creating AISystem for world RollingBPExampleMap
[2016.02.13-14.15.00:373][476]LogPlayLevel: PIE: World Init took: (0.001063s)
[2016.02.13-14.15.00:373][476]LogPlayLevel: PIE: Created PIE world by copying editor world from /Game/RollingBP/Maps/RollingBPExampleMap.RollingBPExampleMap to /Game/RollingBP/Maps/UEDPIE_0_RollingBPExampleMap.RollingBPExampleMap (0.017924s)
[2016.02.13-14.15.00:401][476]LogInit: XAudio2 using 'スピーカー (Realtek High Definition Audio(SST))' : 2 channels at 48 kHz using 32 bits per sample (channel mask 0x3)
[2016.02.13-14.15.00:406][476]LogInit: FAudioDevice initialized.
[2016.02.13-14.15.00:437][476]LogWorld: Game class is 'RollingGameMode_C'
[2016.02.13-14.15.00:440][476]LogWorld: Bringing World /Game/RollingBP/Maps/UEDPIE_0_RollingBPExampleMap.RollingBPExampleMap up for play (max tick rate 60) at 2016.02.13-23.15.00
[2016.02.13-14.15.00:440][476]LogActor:Warning: GameSession /Game/RollingBP/Maps/UEDPIE_0_RollingBPExampleMap.RollingBPExampleMap:PersistentLevel.GameSession_22 has natively added scene component(s), but none of them were set as the actor's RootComponent - picking one arbitrarily
[2016.02.13-14.15.00:441][476]LogActor:Warning: GameNetworkManager /Game/RollingBP/Maps/UEDPIE_0_RollingBPExampleMap.RollingBPExampleMap:PersistentLevel.GameNetworkManager_22 has natively added scene component(s), but none of them were set as the actor's RootComponent - picking one arbitrarily
[2016.02.13-14.15.00:441][476]LogWorld: Bringing up level for play took: 0.003451
[2016.02.13-14.15.00:442][476]PIE: 情報 /Game/RollingBP/Maps/UEDPIE_0_RollingBPExampleMap 0.433のプレイ イン エディタの開始時間
[2016.02.13-14.15.00:442][476]LogBlueprintUserMessages: Late PlayInEditor Detection: Level '/Game/RollingBP/Maps/RollingBPExampleMap.RollingBPExampleMap:PersistentLevel' has LevelScriptBlueprint '/Game/RollingBP/Maps/RollingBPExampleMap.RollingBPExampleMap:PersistentLevel.RollingBPExampleMap' with GeneratedClass '/Game/RollingBP/Maps/RollingBPExampleMap.RollingBPExampleMap_C' with ClassGeneratedBy '/Game/RollingBP/Maps/RollingBPExampleMap.RollingBPExampleMap:PersistentLevel.RollingBPExampleMap'
[2016.02.13-14.15.13:681][267]LogBlueprintUserMessages: Early EndPlayMap Detection: Level '/Game/RollingBP/Maps/RollingBPExampleMap.RollingBPExampleMap:PersistentLevel' has LevelScriptBlueprint '/Game/RollingBP/Maps/RollingBPExampleMap.RollingBPExampleMap:PersistentLevel.RollingBPExampleMap' with GeneratedClass '/Game/RollingBP/Maps/RollingBPExampleMap.RollingBPExampleMap_C' with ClassGeneratedBy '/Game/RollingBP/Maps/RollingBPExampleMap.RollingBPExampleMap:PersistentLevel.RollingBPExampleMap'
[2016.02.13-14.15.13:730][267]LogBlueprintUserMessages: Late EndPlayMap Detection: Level '/Game/RollingBP/Maps/RollingBPExampleMap.RollingBPExampleMap:PersistentLevel' has LevelScriptBlueprint '/Game/RollingBP/Maps/RollingBPExampleMap.RollingBPExampleMap:PersistentLevel.RollingBPExampleMap' with GeneratedClass '/Game/RollingBP/Maps/RollingBPExampleMap.RollingBPExampleMap_C' with ClassGeneratedBy '/Game/RollingBP/Maps/RollingBPExampleMap.RollingBPExampleMap:PersistentLevel.RollingBPExampleMap'
[2016.02.13-14.15.13:791][268]LogParticles: Destroying 0 GPU particle simulations for FXSystem 0x000001715F6F99E0
[2016.02.13-14.15.22:600][795]LogEditorViewport: Clicking on Actor (LMB): StaticMeshActor (EditorCube38)
[2016.02.13-14.15.27:538][ 87]Cmd: DELETE
[2016.02.13-14.15.27:538][ 87]Cmd: ACTOR DELETE
[2016.02.13-14.15.27:539][ 87]LogEditorActor: Deleted Actor: StaticMeshActor
[2016.02.13-14.15.27:558][ 87]LogEditorActor: Deleted 1 Actors (0.020 secs)
[2016.02.13-14.15.30:962][291]LogBlueprintUserMessages: Early PlayInEditor Detection: Level '/Game/RollingBP/Maps/RollingBPExampleMap.RollingBPExampleMap:PersistentLevel' has LevelScriptBlueprint '/Game/RollingBP/Maps/RollingBPExampleMap.RollingBPExampleMap:PersistentLevel.RollingBPExampleMap' with GeneratedClass '/Game/RollingBP/Maps/RollingBPExampleMap.RollingBPExampleMap_C' with ClassGeneratedBy '/Game/RollingBP/Maps/RollingBPExampleMap.RollingBPExampleMap:PersistentLevel.RollingBPExampleMap'
[2016.02.13-14.15.30:962][291]LogPlayLevel: PlayLevel: No blueprints needed recompiling
[2016.02.13-14.15.30:962][291]PIE: New page: PIEセッション: RollingBPExampleMap (2016/02/14 8:15:30)
[2016.02.13-14.15.30:962][291]LogPlayLevel: Creating play world package: /Game/RollingBP/Maps/UEDPIE_0_RollingBPExampleMap
[2016.02.13-14.15.30:982][291]LogPlayLevel: PIE: StaticDuplicateObject took: (0.019391s)
[2016.02.13-14.15.30:983][291]LogAIModule: Creating AISystem for world RollingBPExampleMap
[2016.02.13-14.15.30:983][291]LogPlayLevel: PIE: World Init took: (0.001202s)
[2016.02.13-14.15.30:983][291]LogPlayLevel: PIE: Created PIE world by copying editor world from /Game/RollingBP/Maps/RollingBPExampleMap.RollingBPExampleMap to /Game/RollingBP/Maps/UEDPIE_0_RollingBPExampleMap.RollingBPExampleMap (0.020909s)
[2016.02.13-14.15.31:010][291]LogInit: XAudio2 using 'スピーカー (Realtek High Definition Audio(SST))' : 2 channels at 48 kHz using 32 bits per sample (channel mask 0x3)
[2016.02.13-14.15.31:016][291]LogInit: FAudioDevice initialized.
[2016.02.13-14.15.31:051][291]LogWorld: Game class is 'RollingGameMode_C'
[2016.02.13-14.15.31:054][291]LogWorld: Bringing World /Game/RollingBP/Maps/UEDPIE_0_RollingBPExampleMap.RollingBPExampleMap up for play (max tick rate 60) at 2016.02.13-23.15.31
[2016.02.13-14.15.31:054][291]LogActor:Warning: GameSession /Game/RollingBP/Maps/UEDPIE_0_RollingBPExampleMap.RollingBPExampleMap:PersistentLevel.GameSession_23 has natively added scene component(s), but none of them were set as the actor's RootComponent - picking one arbitrarily
[2016.02.13-14.15.31:054][291]LogActor:Warning: GameNetworkManager /Game/RollingBP/Maps/UEDPIE_0_RollingBPExampleMap.RollingBPExampleMap:PersistentLevel.GameNetworkManager_23 has natively added scene component(s), but none of them were set as the actor's RootComponent - picking one arbitrarily
[2016.02.13-14.15.31:054][291]LogWorld: Bringing up level for play took: 0.003107
[2016.02.13-14.15.31:055][291]PIE: 情報 /Game/RollingBP/Maps/UEDPIE_0_RollingBPExampleMap 1.046のプレイ イン エディタの開始時間
[2016.02.13-14.15.31:055][291]LogBlueprintUserMessages: Late PlayInEditor Detection: Level '/Game/RollingBP/Maps/RollingBPExampleMap.RollingBPExampleMap:PersistentLevel' has LevelScriptBlueprint '/Game/RollingBP/Maps/RollingBPExampleMap.RollingBPExampleMap:PersistentLevel.RollingBPExampleMap' with GeneratedClass '/Game/RollingBP/Maps/RollingBPExampleMap.RollingBPExampleMap_C' with ClassGeneratedBy '/Game/RollingBP/Maps/RollingBPExampleMap.RollingBPExampleMap:PersistentLevel.RollingBPExampleMap'
[2016.02.13-14.15.38:555][737]LogBlueprintUserMessages: Early EndPlayMap Detection: Level '/Game/RollingBP/Maps/RollingBPExampleMap.RollingBPExampleMap:PersistentLevel' has LevelScriptBlueprint '/Game/RollingBP/Maps/RollingBPExampleMap.RollingBPExampleMap:PersistentLevel.RollingBPExampleMap' with GeneratedClass '/Game/RollingBP/Maps/RollingBPExampleMap.RollingBPExampleMap_C' with ClassGeneratedBy '/Game/RollingBP/Maps/RollingBPExampleMap.RollingBPExampleMap:PersistentLevel.RollingBPExampleMap'
[2016.02.13-14.15.38:588][737]LogBlueprintUserMessages: Late EndPlayMap Detection: Level '/Game/RollingBP/Maps/RollingBPExampleMap.RollingBPExampleMap:PersistentLevel' has LevelScriptBlueprint '/Game/RollingBP/Maps/RollingBPExampleMap.RollingBPExampleMap:PersistentLevel.RollingBPExampleMap' with GeneratedClass '/Game/RollingBP/Maps/RollingBPExampleMap.RollingBPExampleMap_C' with ClassGeneratedBy '/Game/RollingBP/Maps/RollingBPExampleMap.RollingBPExampleMap:PersistentLevel.RollingBPExampleMap'
[2016.02.13-14.15.38:628][738]LogParticles: Destroying 0 GPU particle simulations for FXSystem 0x00000171736AAF20
[2016.02.13-14.15.44:518][ 91]LogEditorViewport: Clicking on Actor (LMB): LightmassImportanceVolume (LightmassImportanceVolume)
[2016.02.13-14.15.45:628][155]LogEditorViewport: Clicking on Actor (LMB): BP_Sky_Sphere_C (SkyShereBlueprint)
[2016.02.13-14.15.47:008][235]LogEditorViewport: Clicking on Actor (LMB): BP_Sky_Sphere_C (SkyShereBlueprint)
[2016.02.13-14.15.51:257][477]LogEditorViewport: Clicking on Actor (LMB): BP_Sky_Sphere_C (SkyShereBlueprint)
[2016.02.13-14.15.52:435][547]LogEditorViewport: Clicking on Actor (LMB): PostProcessVolume (PostProcessVolume)
[2016.02.13-14.16.01:991][ 36]LogEditorViewport: Clicking on Actor (LMB): BP_Sky_Sphere_C (SkyShereBlueprint)
[2016.02.13-14.16.02:956][ 89]LogEditorViewport: Clicking on Actor (LMB): PostProcessVolume (PostProcessVolume)
[2016.02.13-14.16.11:094][570]Cmd: CAMERA ALIGN ACTIVEVIEWPORTONLY
[2016.02.13-14.16.15:748][849]Cmd: DELETE
[2016.02.13-14.16.15:748][849]Cmd: ACTOR DELETE
[2016.02.13-14.16.15:749][849]LogEditorActor: Deleted Actor: StaticMeshActor
[2016.02.13-14.16.15:770][849]LogEditorActor: Deleted 1 Actors (0.021 secs)
[2016.02.13-14.16.31:609][799]LogBlueprintUserMessages: Early PlayInEditor Detection: Level '/Game/RollingBP/Maps/RollingBPExampleMap.RollingBPExampleMap:PersistentLevel' has LevelScriptBlueprint '/Game/RollingBP/Maps/RollingBPExampleMap.RollingBPExampleMap:PersistentLevel.RollingBPExampleMap' with GeneratedClass '/Game/RollingBP/Maps/RollingBPExampleMap.RollingBPExampleMap_C' with ClassGeneratedBy '/Game/RollingBP/Maps/RollingBPExampleMap.RollingBPExampleMap:PersistentLevel.RollingBPExampleMap'
[2016.02.13-14.16.31:609][799]LogPlayLevel: PlayLevel: No blueprints needed recompiling
[2016.02.13-14.16.31:610][799]PIE: New page: PIEセッション: RollingBPExampleMap (2016/02/14 8:16:31)
[2016.02.13-14.16.31:610][799]LogPlayLevel: Creating play world package: /Game/RollingBP/Maps/UEDPIE_0_RollingBPExampleMap
[2016.02.13-14.16.31:630][799]LogPlayLevel: PIE: StaticDuplicateObject took: (0.019969s)
[2016.02.13-14.16.31:637][799]LogAIModule: Creating AISystem for world RollingBPExampleMap
[2016.02.13-14.16.31:637][799]LogPlayLevel: PIE: World Init took: (0.007766s)
[2016.02.13-14.16.31:638][799]LogPlayLevel: PIE: Created PIE world by copying editor world from /Game/RollingBP/Maps/RollingBPExampleMap.RollingBPExampleMap to /Game/RollingBP/Maps/UEDPIE_0_RollingBPExampleMap.RollingBPExampleMap (0.027996s)
[2016.02.13-14.16.31:665][799]LogInit: XAudio2 using 'スピーカー (Realtek High Definition Audio(SST))' : 2 channels at 48 kHz using 32 bits per sample (channel mask 0x3)
[2016.02.13-14.16.31:671][799]LogInit: FAudioDevice initialized.
[2016.02.13-14.16.31:705][799]LogWorld: Game class is 'RollingGameMode_C'
[2016.02.13-14.16.31:708][799]LogWorld: Bringing World /Game/RollingBP/Maps/UEDPIE_0_RollingBPExampleMap.RollingBPExampleMap up for play (max tick rate 60) at 2016.02.13-23.16.31
[2016.02.13-14.16.31:708][799]LogActor:Warning: GameSession /Game/RollingBP/Maps/UEDPIE_0_RollingBPExampleMap.RollingBPExampleMap:PersistentLevel.GameSession_24 has natively added scene component(s), but none of them were set as the actor's RootComponent - picking one arbitrarily
[2016.02.13-14.16.31:708][799]LogActor:Warning: GameNetworkManager /Game/RollingBP/Maps/UEDPIE_0_RollingBPExampleMap.RollingBPExampleMap:PersistentLevel.GameNetworkManager_24 has natively added scene component(s), but none of them were set as the actor's RootComponent - picking one arbitrarily
[2016.02.13-14.16.31:708][799]LogWorld: Bringing up level for play took: 0.002697
[2016.02.13-14.16.31:709][799]PIE: 情報 /Game/RollingBP/Maps/UEDPIE_0_RollingBPExampleMap -0.3のプレイ イン エディタの開始時間
[2016.02.13-14.16.31:709][799]LogBlueprintUserMessages: Late PlayInEditor Detection: Level '/Game/RollingBP/Maps/RollingBPExampleMap.RollingBPExampleMap:PersistentLevel' has LevelScriptBlueprint '/Game/RollingBP/Maps/RollingBPExampleMap.RollingBPExampleMap:PersistentLevel.RollingBPExampleMap' with GeneratedClass '/Game/RollingBP/Maps/RollingBPExampleMap.RollingBPExampleMap_C' with ClassGeneratedBy '/Game/RollingBP/Maps/RollingBPExampleMap.RollingBPExampleMap:PersistentLevel.RollingBPExampleMap'
[2016.02.13-14.16.50:825][941]LogBlueprintUserMessages: Early EndPlayMap Detection: Level '/Game/RollingBP/Maps/RollingBPExampleMap.RollingBPExampleMap:PersistentLevel' has LevelScriptBlueprint '/Game/RollingBP/Maps/RollingBPExampleMap.RollingBPExampleMap:PersistentLevel.RollingBPExampleMap' with GeneratedClass '/Game/RollingBP/Maps/RollingBPExampleMap.RollingBPExampleMap_C' with ClassGeneratedBy '/Game/RollingBP/Maps/RollingBPExampleMap.RollingBPExampleMap:PersistentLevel.RollingBPExampleMap'
[2016.02.13-14.16.50:860][941]LogBlueprintUserMessages: Late EndPlayMap Detection: Level '/Game/RollingBP/Maps/RollingBPExampleMap.RollingBPExampleMap:PersistentLevel' has LevelScriptBlueprint '/Game/RollingBP/Maps/RollingBPExampleMap.RollingBPExampleMap:PersistentLevel.RollingBPExampleMap' with GeneratedClass '/Game/RollingBP/Maps/RollingBPExampleMap.RollingBPExampleMap_C' with ClassGeneratedBy '/Game/RollingBP/Maps/RollingBPExampleMap.RollingBPExampleMap:PersistentLevel.RollingBPExampleMap'
[2016.02.13-14.16.50:900][942]LogParticles: Destroying 0 GPU particle simulations for FXSystem 0x000001715F6FA480
[2016.02.13-14.16.57:951][365]LogEditorViewport: Clicking on Actor (LMB): StaticMeshActor (Ground)
[2016.02.13-14.17.00:715][524]LogEditorViewport: Clicking on Actor (LMB): BP_Sky_Sphere_C (SkyShereBlueprint)
[2016.02.13-14.17.01:749][583]LogEditorViewport: Clicking on Actor (LMB): LightmassImportanceVolume (LightmassImportanceVolume)
[2016.02.13-14.18.35:862][345]LogBlueprintUserMessages: Early PlayInEditor Detection: Level '/Game/RollingBP/Maps/RollingBPExampleMap.RollingBPExampleMap:PersistentLevel' has LevelScriptBlueprint '/Game/RollingBP/Maps/RollingBPExampleMap.RollingBPExampleMap:PersistentLevel.RollingBPExampleMap' with GeneratedClass '/Game/RollingBP/Maps/RollingBPExampleMap.RollingBPExampleMap_C' with ClassGeneratedBy '/Game/RollingBP/Maps/RollingBPExampleMap.RollingBPExampleMap:PersistentLevel.RollingBPExampleMap'
[2016.02.13-14.18.35:863][345]LogPlayLevel: PlayLevel: No blueprints needed recompiling
[2016.02.13-14.18.35:863][345]PIE: New page: PIEセッション: RollingBPExampleMap (2016/02/14 8:18:35)
[2016.02.13-14.18.35:863][345]LogPlayLevel: Creating play world package: /Game/RollingBP/Maps/UEDPIE_0_RollingBPExampleMap
[2016.02.13-14.18.35:883][345]LogPlayLevel: PIE: StaticDuplicateObject took: (0.020457s)
[2016.02.13-14.18.35:884][345]LogAIModule: Creating AISystem for world RollingBPExampleMap
[2016.02.13-14.18.35:884][345]LogPlayLevel: PIE: World Init took: (0.001218s)
[2016.02.13-14.18.35:885][345]LogPlayLevel: PIE: Created PIE world by copying editor world from /Game/RollingBP/Maps/RollingBPExampleMap.RollingBPExampleMap to /Game/RollingBP/Maps/UEDPIE_0_RollingBPExampleMap.RollingBPExampleMap (0.021984s)
[2016.02.13-14.18.35:914][345]LogInit: XAudio2 using 'スピーカー (Realtek High Definition Audio(SST))' : 2 channels at 48 kHz using 32 bits per sample (channel mask 0x3)
[2016.02.13-14.18.35:920][345]LogInit: FAudioDevice initialized.
[2016.02.13-14.18.35:955][345]LogWorld: Game class is 'RollingGameMode_C'
[2016.02.13-14.18.35:958][345]LogWorld: Bringing World /Game/RollingBP/Maps/UEDPIE_0_RollingBPExampleMap.RollingBPExampleMap up for play (max tick rate 60) at 2016.02.13-23.18.35
[2016.02.13-14.18.35:958][345]LogActor:Warning: GameSession /Game/RollingBP/Maps/UEDPIE_0_RollingBPExampleMap.RollingBPExampleMap:PersistentLevel.GameSession_25 has natively added scene component(s), but none of them were set as the actor's RootComponent - picking one arbitrarily
[2016.02.13-14.18.35:958][345]LogActor:Warning: GameNetworkManager /Game/RollingBP/Maps/UEDPIE_0_RollingBPExampleMap.RollingBPExampleMap:PersistentLevel.GameNetworkManager_25 has natively added scene component(s), but none of them were set as the actor's RootComponent - picking one arbitrarily
[2016.02.13-14.18.35:958][345]LogWorld: Bringing up level for play took: 0.002967
[2016.02.13-14.18.35:959][345]PIE: 情報 /Game/RollingBP/Maps/UEDPIE_0_RollingBPExampleMap -0.05のプレイ イン エディタの開始時間
[2016.02.13-14.18.35:959][345]LogBlueprintUserMessages: Late PlayInEditor Detection: Level '/Game/RollingBP/Maps/RollingBPExampleMap.RollingBPExampleMap:PersistentLevel' has LevelScriptBlueprint '/Game/RollingBP/Maps/RollingBPExampleMap.RollingBPExampleMap:PersistentLevel.RollingBPExampleMap' with GeneratedClass '/Game/RollingBP/Maps/RollingBPExampleMap.RollingBPExampleMap_C' with ClassGeneratedBy '/Game/RollingBP/Maps/RollingBPExampleMap.RollingBPExampleMap:PersistentLevel.RollingBPExampleMap'
[2016.02.13-14.18.49:506][152]LogBlueprintUserMessages: Early EndPlayMap Detection: Level '/Game/RollingBP/Maps/RollingBPExampleMap.RollingBPExampleMap:PersistentLevel' has LevelScriptBlueprint '/Game/RollingBP/Maps/RollingBPExampleMap.RollingBPExampleMap:PersistentLevel.RollingBPExampleMap' with GeneratedClass '/Game/RollingBP/Maps/RollingBPExampleMap.RollingBPExampleMap_C' with ClassGeneratedBy '/Game/RollingBP/Maps/RollingBPExampleMap.RollingBPExampleMap:PersistentLevel.RollingBPExampleMap'
[2016.02.13-14.18.49:555][152]LogBlueprintUserMessages: Late EndPlayMap Detection: Level '/Game/RollingBP/Maps/RollingBPExampleMap.RollingBPExampleMap:PersistentLevel' has LevelScriptBlueprint '/Game/RollingBP/Maps/RollingBPExampleMap.RollingBPExampleMap:PersistentLevel.RollingBPExampleMap' with GeneratedClass '/Game/RollingBP/Maps/RollingBPExampleMap.RollingBPExampleMap_C' with ClassGeneratedBy '/Game/RollingBP/Maps/RollingBPExampleMap.RollingBPExampleMap:PersistentLevel.RollingBPExampleMap'
[2016.02.13-14.18.49:619][153]LogParticles: Destroying 0 GPU particle simulations for FXSystem 0x000001714FF81580
[2016.02.13-14.18.52:178][306]MapCheck: New page: マップをチェック
[2016.02.13-14.18.52:211][306]Cmd: MAP REBUILD ALLVISIBLE
[2016.02.13-14.18.52:213][306]LogEditorServer: Rebuildmap Clear paths rebuilt
[2016.02.13-14.18.52:248][306]MapCheck:Warning: 警告 WorldInfo_0 Hierarchical LOD System is disabled or no HLOD level settings available, unable to build LOD actors. 
[2016.02.13-14.18.52:248][306]LogStats:          STAT_HLOD_BuildClusters - 25.000 ms
[2016.02.13-14.18.52:248][306]LightingResults: New page: ライティングのビルド - 2016/02/14 8:18:52
[2016.02.13-14.18.56:801][306]LogStaticLightingSystem: Running Lightmass w/ ImmediateImport mode ENABLED
[2016.02.13-14.18.56:801][306]LogStaticLightingSystem: Running Lightmass w/ ImmediateProcess mode ENABLED
[2016.02.13-14.18.56:801][306]LogStaticLightingSystem: Running Lightmass w/ Sorting mode ENABLED
[2016.02.13-14.18.56:801][306]LogStaticLightingSystem: Running Lightmass w/ Mapping paddings ENABLED
[2016.02.13-14.18.56:801][306]LogStaticLightingSystem: Running Lightmass w/ Mapping debug paddings DISABLED
[2016.02.13-14.18.56:935][306]LogEditorBuildUtils: Build time 0:00:04
[2016.02.13-14.19.21:702][751]Job is a success!
[2016.02.13-14.19.22:165][752]LogTexture:Display: テクスチャをビルド中: SkyOcclusion1_1 (AutoDXT)
[2016.02.13-14.19.22:837][752]LogTexture:Display: テクスチャをビルド中: LQ_Lightmap_0_6 (DXT1)
[2016.02.13-14.19.22:842][752]LogTexture:Display: テクスチャをビルド中: HQ_Lightmap0_6 (AutoDXT)
[2016.02.13-14.19.22:843][752]LogTexture:Display: テクスチャをビルド中: SkyOcclusion0_6 (AutoDXT)
[2016.02.13-14.19.22:845][752]LogTexture:Display: テクスチャをビルド中: LQ_Lightmap_0_5 (DXT1)
[2016.02.13-14.19.22:853][752]LogTexture:Display: テクスチャをビルド中: HQ_Lightmap0_5 (AutoDXT)
[2016.02.13-14.19.22:865][752]LogTexture:Display: テクスチャをビルド中: SkyOcclusion0_5 (AutoDXT)
[2016.02.13-14.19.22:878][752]LogTexture:Display: テクスチャをビルド中: LQ_Lightmap_0_4 (DXT1)
[2016.02.13-14.19.22:890][752]LogTexture:Display: テクスチャをビルド中: HQ_Lightmap0_4 (AutoDXT)
[2016.02.13-14.19.22:911][752]LogTexture:Display: テクスチャをビルド中: SkyOcclusion0_4 (AutoDXT)
[2016.02.13-14.19.22:922][752]LogTexture:Display: テクスチャをビルド中: LQ_Lightmap_0_3 (DXT1)
[2016.02.13-14.19.22:933][752]LogTexture:Display: テクスチャをビルド中: HQ_Lightmap0_3 (AutoDXT)
[2016.02.13-14.19.22:952][752]LogTexture:Display: テクスチャをビルド中: SkyOcclusion0_3 (AutoDXT)
[2016.02.13-14.19.22:965][752]LogTexture:Display: テクスチャをビルド中: LQ_Lightmap_0_2 (DXT1)
[2016.02.13-14.19.22:974][752]LogTexture:Display: テクスチャをビルド中: HQ_Lightmap0_2 (AutoDXT)
[2016.02.13-14.19.22:989][752]LogTexture:Display: テクスチャをビルド中: SkyOcclusion0_2 (AutoDXT)
[2016.02.13-14.19.23:008][752]LogTexture:Display: テクスチャをビルド中: LQ_Lightmap_1_1 (DXT1)
[2016.02.13-14.19.23:409][752]LogTexture:Display: テクスチャをビルド中: HQ_Lightmap1_1 (AutoDXT)
[2016.02.13-14.19.25:018][752]LogTexture:Display: テクスチャをビルド中: ShadowMapTexture2D_19 (G8)
[2016.02.13-14.19.25:098][752]LogTexture:Display: テクスチャをビルド中: ShadowMapTexture2D_20 (G8)
[2016.02.13-14.19.25:108][752]LogTexture:Display: テクスチャをビルド中: ShadowMapTexture2D_21 (G8)
[2016.02.13-14.19.25:117][752]LogTexture:Display: テクスチャをビルド中: ShadowMapTexture2D_22 (G8)
[2016.02.13-14.19.25:125][752]LogTexture:Display: テクスチャをビルド中: ShadowMapTexture2D_23 (G8)
[2016.02.13-14.19.25:126][752]LogTexture:Display: テクスチャをビルド中: ShadowMapTexture2D_24 (G8)
[2016.02.13-14.19.25:162][752]Lightmass on DESKTOP-6H4BEHG: 27.6 sec total, 120 ms importing, 0 ms setup, 1.25 sec photons, 26.2 sec processing, 0 ms extra exporting [6/6 mappings]. Threads: 1:44 min total, 23.9 sec processing.
[2016.02.13-14.19.25:173][752]LogStaticLightingSystem: Illumination: 32.8 sec (3.25 sec encoding lightmaps)
[2016.02.13-14.19.25:174][752]LogStaticLightingSystem: Lightmap texture memory:  5.7 MB (5.7 MB streaming, 0.0 MB non-streaming), 12 textures
[2016.02.13-14.19.25:174][752]LogStaticLightingSystem: Shadowmap texture memory: 7.2 MB (7.2 MB streaming, 0.0 MB non-streaming), 18 textures
[2016.02.13-14.19.25:818][753]Cmd: MAP CHECK NOTIFYRESULTS
[2016.02.13-14.19.25:818][753]MapCheck: New page: RollingBPExampleMap - 2016/02/14 8:19:25
[2016.02.13-14.19.25:866][753]MapCheck: 情報 マップチェックが完了: 0 エラー、 0 警告、完了に 48.727ミリ秒かかりました。
[2016.02.13-14.19.42:693][759]LogBlueprintUserMessages: Early PlayInEditor Detection: Level '/Game/RollingBP/Maps/RollingBPExampleMap.RollingBPExampleMap:PersistentLevel' has LevelScriptBlueprint '/Game/RollingBP/Maps/RollingBPExampleMap.RollingBPExampleMap:PersistentLevel.RollingBPExampleMap' with GeneratedClass '/Game/RollingBP/Maps/RollingBPExampleMap.RollingBPExampleMap_C' with ClassGeneratedBy '/Game/RollingBP/Maps/RollingBPExampleMap.RollingBPExampleMap:PersistentLevel.RollingBPExampleMap'
[2016.02.13-14.19.42:693][759]LogPlayLevel: PlayLevel: No blueprints needed recompiling
[2016.02.13-14.19.42:693][759]PIE: New page: PIEセッション: RollingBPExampleMap (2016/02/14 8:19:42)
[2016.02.13-14.19.42:694][759]LogPlayLevel: Creating play world package: /Game/RollingBP/Maps/UEDPIE_0_RollingBPExampleMap
[2016.02.13-14.19.42:712][759]LogPlayLevel: PIE: StaticDuplicateObject took: (0.018009s)
[2016.02.13-14.19.42:712][759]LogAIModule: Creating AISystem for world RollingBPExampleMap
[2016.02.13-14.19.42:713][759]LogPlayLevel: PIE: World Init took: (0.001227s)
[2016.02.13-14.19.42:713][759]LogPlayLevel: PIE: Created PIE world by copying editor world from /Game/RollingBP/Maps/RollingBPExampleMap.RollingBPExampleMap to /Game/RollingBP/Maps/UEDPIE_0_RollingBPExampleMap.RollingBPExampleMap (0.019600s)
[2016.02.13-14.19.42:747][759]LogInit: XAudio2 using 'スピーカー (Realtek High Definition Audio(SST))' : 2 channels at 48 kHz using 32 bits per sample (channel mask 0x3)
[2016.02.13-14.19.42:754][759]LogInit: FAudioDevice initialized.
[2016.02.13-14.19.42:812][759]LogWorld: Game class is 'RollingGameMode_C'
[2016.02.13-14.19.42:817][759]LogWorld: Bringing World /Game/RollingBP/Maps/UEDPIE_0_RollingBPExampleMap.RollingBPExampleMap up for play (max tick rate 60) at 2016.02.13-23.19.42
[2016.02.13-14.19.42:817][759]LogActor:Warning: GameSession /Game/RollingBP/Maps/UEDPIE_0_RollingBPExampleMap.RollingBPExampleMap:PersistentLevel.GameSession_26 has natively added scene component(s), but none of them were set as the actor's RootComponent - picking one arbitrarily
[2016.02.13-14.19.42:817][759]LogActor:Warning: GameNetworkManager /Game/RollingBP/Maps/UEDPIE_0_RollingBPExampleMap.RollingBPExampleMap:PersistentLevel.GameNetworkManager_26 has natively added scene component(s), but none of them were set as the actor's RootComponent - picking one arbitrarily
[2016.02.13-14.19.42:818][759]LogWorld: Bringing up level for play took: 0.005108
[2016.02.13-14.19.42:819][759]PIE: 情報 /Game/RollingBP/Maps/UEDPIE_0_RollingBPExampleMap 0.81のプレイ イン エディタの開始時間
[2016.02.13-14.19.42:819][759]LogBlueprintUserMessages: Late PlayInEditor Detection: Level '/Game/RollingBP/Maps/RollingBPExampleMap.RollingBPExampleMap:PersistentLevel' has LevelScriptBlueprint '/Game/RollingBP/Maps/RollingBPExampleMap.RollingBPExampleMap:PersistentLevel.RollingBPExampleMap' with GeneratedClass '/Game/RollingBP/Maps/RollingBPExampleMap.RollingBPExampleMap_C' with ClassGeneratedBy '/Game/RollingBP/Maps/RollingBPExampleMap.RollingBPExampleMap:PersistentLevel.RollingBPExampleMap'
[2016.02.13-14.19.50:720][213]LogBlueprintUserMessages: Early EndPlayMap Detection: Level '/Game/RollingBP/Maps/RollingBPExampleMap.RollingBPExampleMap:PersistentLevel' has LevelScriptBlueprint '/Game/RollingBP/Maps/RollingBPExampleMap.RollingBPExampleMap:PersistentLevel.RollingBPExampleMap' with GeneratedClass '/Game/RollingBP/Maps/RollingBPExampleMap.RollingBPExampleMap_C' with ClassGeneratedBy '/Game/RollingBP/Maps/RollingBPExampleMap.RollingBPExampleMap:PersistentLevel.RollingBPExampleMap'
[2016.02.13-14.19.50:764][213]LogBlueprintUserMessages: Late EndPlayMap Detection: Level '/Game/RollingBP/Maps/RollingBPExampleMap.RollingBPExampleMap:PersistentLevel' has LevelScriptBlueprint '/Game/RollingBP/Maps/RollingBPExampleMap.RollingBPExampleMap:PersistentLevel.RollingBPExampleMap' with GeneratedClass '/Game/RollingBP/Maps/RollingBPExampleMap.RollingBPExampleMap_C' with ClassGeneratedBy '/Game/RollingBP/Maps/RollingBPExampleMap.RollingBPExampleMap:PersistentLevel.RollingBPExampleMap'
[2016.02.13-14.19.50:828][214]LogParticles: Destroying 0 GPU particle simulations for FXSystem 0x0000017160426B60
[2016.02.13-14.19.57:646][623]LogEditorActor: Deleted Actor: BP_Sky_Sphere_C
[2016.02.13-14.19.57:669][623]LogEditorActor: Deleted 1 Actors (0.023 secs)
[2016.02.13-14.20.01:132][830]LogBlueprintUserMessages: Early PlayInEditor Detection: Level '/Game/RollingBP/Maps/RollingBPExampleMap.RollingBPExampleMap:PersistentLevel' has LevelScriptBlueprint '/Game/RollingBP/Maps/RollingBPExampleMap.RollingBPExampleMap:PersistentLevel.RollingBPExampleMap' with GeneratedClass '/Game/RollingBP/Maps/RollingBPExampleMap.RollingBPExampleMap_C' with ClassGeneratedBy '/Game/RollingBP/Maps/RollingBPExampleMap.RollingBPExampleMap:PersistentLevel.RollingBPExampleMap'
[2016.02.13-14.20.01:132][830]LogPlayLevel: PlayLevel: No blueprints needed recompiling
[2016.02.13-14.20.01:132][830]PIE: New page: PIEセッション: RollingBPExampleMap (2016/02/14 8:20:01)
[2016.02.13-14.20.01:132][830]LogPlayLevel: Creating play world package: /Game/RollingBP/Maps/UEDPIE_0_RollingBPExampleMap
[2016.02.13-14.20.01:177][830]LogPlayLevel: PIE: StaticDuplicateObject took: (0.044417s)
[2016.02.13-14.20.01:178][830]LogAIModule: Creating AISystem for world RollingBPExampleMap
[2016.02.13-14.20.01:178][830]LogPlayLevel: PIE: World Init took: (0.001107s)
[2016.02.13-14.20.01:178][830]LogPlayLevel: PIE: Created PIE world by copying editor world from /Game/RollingBP/Maps/RollingBPExampleMap.RollingBPExampleMap to /Game/RollingBP/Maps/UEDPIE_0_RollingBPExampleMap.RollingBPExampleMap (0.045801s)
[2016.02.13-14.20.01:205][830]LogInit: XAudio2 using 'スピーカー (Realtek High Definition Audio(SST))' : 2 channels at 48 kHz using 32 bits per sample (channel mask 0x3)
[2016.02.13-14.20.01:210][830]LogInit: FAudioDevice initialized.
[2016.02.13-14.20.01:268][830]LogWorld: Game class is 'RollingGameMode_C'
[2016.02.13-14.20.01:274][830]LogWorld: Bringing World /Game/RollingBP/Maps/UEDPIE_0_RollingBPExampleMap.RollingBPExampleMap up for play (max tick rate 60) at 2016.02.13-23.20.01
[2016.02.13-14.20.01:274][830]LogActor:Warning: GameSession /Game/RollingBP/Maps/UEDPIE_0_RollingBPExampleMap.RollingBPExampleMap:PersistentLevel.GameSession_27 has natively added scene component(s), but none of them were set as the actor's RootComponent - picking one arbitrarily
[2016.02.13-14.20.01:274][830]LogActor:Warning: GameNetworkManager /Game/RollingBP/Maps/UEDPIE_0_RollingBPExampleMap.RollingBPExampleMap:PersistentLevel.GameNetworkManager_27 has natively added scene component(s), but none of them were set as the actor's RootComponent - picking one arbitrarily
[2016.02.13-14.20.01:275][830]LogWorld: Bringing up level for play took: 0.005884
[2016.02.13-14.20.01:277][830]PIE: 情報 /Game/RollingBP/Maps/UEDPIE_0_RollingBPExampleMap -0.732のプレイ イン エディタの開始時間
[2016.02.13-14.20.01:277][830]LogBlueprintUserMessages: Late PlayInEditor Detection: Level '/Game/RollingBP/Maps/RollingBPExampleMap.RollingBPExampleMap:PersistentLevel' has LevelScriptBlueprint '/Game/RollingBP/Maps/RollingBPExampleMap.RollingBPExampleMap:PersistentLevel.RollingBPExampleMap' with GeneratedClass '/Game/RollingBP/Maps/RollingBPExampleMap.RollingBPExampleMap_C' with ClassGeneratedBy '/Game/RollingBP/Maps/RollingBPExampleMap.RollingBPExampleMap:PersistentLevel.RollingBPExampleMap'
[2016.02.13-14.20.12:619][507]LogBlueprintUserMessages: Early EndPlayMap Detection: Level '/Game/RollingBP/Maps/RollingBPExampleMap.RollingBPExampleMap:PersistentLevel' has LevelScriptBlueprint '/Game/RollingBP/Maps/RollingBPExampleMap.RollingBPExampleMap:PersistentLevel.RollingBPExampleMap' with GeneratedClass '/Game/RollingBP/Maps/RollingBPExampleMap.RollingBPExampleMap_C' with ClassGeneratedBy '/Game/RollingBP/Maps/RollingBPExampleMap.RollingBPExampleMap:PersistentLevel.RollingBPExampleMap'
[2016.02.13-14.20.12:653][507]LogBlueprintUserMessages: Late EndPlayMap Detection: Level '/Game/RollingBP/Maps/RollingBPExampleMap.RollingBPExampleMap:PersistentLevel' has LevelScriptBlueprint '/Game/RollingBP/Maps/RollingBPExampleMap.RollingBPExampleMap:PersistentLevel.RollingBPExampleMap' with GeneratedClass '/Game/RollingBP/Maps/RollingBPExampleMap.RollingBPExampleMap_C' with ClassGeneratedBy '/Game/RollingBP/Maps/RollingBPExampleMap.RollingBPExampleMap:PersistentLevel.RollingBPExampleMap'
[2016.02.13-14.20.12:692][508]LogParticles: Destroying 0 GPU particle simulations for FXSystem 0x0000017174E9C360
[2016.02.13-14.20.14:806][576]LogSavePackage: Save=836.348694ms
[2016.02.13-14.20.14:806][576]LogSavePackage: Moving '../../../../../../Users/kotaoue/Documents/Unreal Projects/DJYamabiko/Saved/RollingBPExampleMap40EF9ED64C4F38EF62891884C74234E6.tmp' to '../../../../../../Users/kotaoue/Documents/Unreal Projects/DJYamabiko/Content/RollingBP/Maps/RollingBPExampleMap.umap'
[2016.02.13-14.20.14:814][576]LogSavePackage: Total save time: 869.254582ms
[2016.02.13-14.20.14:814][576]LogSavePackage:Display: Finished SavePackage ../../../../../../Users/kotaoue/Documents/Unreal Projects/DJYamabiko/Content/RollingBP/Maps/RollingBPExampleMap.umap
[2016.02.13-14.20.14:839][576]LogFileHelpers: Saving map 'RollingBPExampleMap' took 0.952
[2016.02.13-14.20.31:766][577]LogEditorActor: Deleted Actor: SkyLight
[2016.02.13-14.20.31:786][577]LogEditorActor: Deleted 1 Actors (0.020 secs)
[2016.02.13-14.20.33:159][660]Cmd: TRANSACTION UNDO
[2016.02.13-14.20.33:159][660]LogEditorTransaction: Undo 選択対象を削除
[2016.02.13-14.20.36:036][815]LogEditorActor: Deleted Actor: DirectionalLight
[2016.02.13-14.20.36:056][815]LogEditorActor: Deleted 1 Actors (0.021 secs)
[2016.02.13-14.20.36:813][861]Cmd: TRANSACTION UNDO
[2016.02.13-14.20.36:813][861]LogEditorTransaction: Undo 選択対象を削除
[2016.02.13-14.20.39:689][ 17]LogEditorActor: Deleted Actor: SkyLight
[2016.02.13-14.20.39:709][ 17]LogEditorActor: Deleted 1 Actors (0.021 secs)
[2016.02.13-14.20.43:943][214]LogSavePackage: Save=843.069275ms
[2016.02.13-14.20.43:943][214]LogSavePackage: Moving '../../../../../../Users/kotaoue/Documents/Unreal Projects/DJYamabiko/Saved/RollingBPExampleMapB2E105E14BB0E4B178BFFB915E4C0480.tmp' to '../../../../../../Users/kotaoue/Documents/Unreal Projects/DJYamabiko/Content/RollingBP/Maps/RollingBPExampleMap.umap'
[2016.02.13-14.20.43:946][214]LogSavePackage: Total save time: 847.519714ms
[2016.02.13-14.20.43:946][214]LogSavePackage:Display: Finished SavePackage ../../../../../../Users/kotaoue/Documents/Unreal Projects/DJYamabiko/Content/RollingBP/Maps/RollingBPExampleMap.umap
[2016.02.13-14.20.43:982][214]LogFileHelpers: Saving map 'RollingBPExampleMap' took 0.939
[2016.02.13-14.20.44:756][259]MapCheck: New page: マップをチェック
[2016.02.13-14.20.44:790][259]Cmd: MAP REBUILD ALLVISIBLE
[2016.02.13-14.20.44:790][259]LogEditorServer: Rebuildmap Clear paths rebuilt
[2016.02.13-14.20.44:819][259]MapCheck:Warning: 警告 WorldInfo_0 Hierarchical LOD System is disabled or no HLOD level settings available, unable to build LOD actors. 
[2016.02.13-14.20.44:819][259]LogStats:          STAT_HLOD_BuildClusters - 19.735 ms
[2016.02.13-14.20.44:819][259]LightingResults: New page: ライティングのビルド - 2016/02/14 8:20:44
[2016.02.13-14.20.49:353][259]LogStaticLightingSystem: Running Lightmass w/ ImmediateImport mode ENABLED
[2016.02.13-14.20.49:353][259]LogStaticLightingSystem: Running Lightmass w/ ImmediateProcess mode ENABLED
[2016.02.13-14.20.49:353][259]LogStaticLightingSystem: Running Lightmass w/ Sorting mode ENABLED
[2016.02.13-14.20.49:353][259]LogStaticLightingSystem: Running Lightmass w/ Mapping paddings ENABLED
[2016.02.13-14.20.49:353][259]LogStaticLightingSystem: Running Lightmass w/ Mapping debug paddings DISABLED
[2016.02.13-14.20.49:419][259]LogEditorBuildUtils: Build time 0:00:04
[2016.02.13-14.21.10:482][493]Job is a success!
[2016.02.13-14.21.10:888][494]LogTexture:Display: テクスチャをビルド中: HQ_Lightmap0_1 (AutoDXT)
[2016.02.13-14.21.12:014][494]LogTexture:Display: テクスチャをビルド中: LQ_Lightmap_1_5 (DXT1)
[2016.02.13-14.21.12:024][494]LogTexture:Display: テクスチャをビルド中: HQ_Lightmap1_5 (AutoDXT)
[2016.02.13-14.21.12:041][494]LogTexture:Display: テクスチャをビルド中: LQ_Lightmap_1_4 (DXT1)
[2016.02.13-14.21.12:050][494]LogTexture:Display: テクスチャをビルド中: HQ_Lightmap1_4 (AutoDXT)
[2016.02.13-14.21.12:064][494]LogTexture:Display: テクスチャをビルド中: LQ_Lightmap_1_3 (DXT1)
[2016.02.13-14.21.12:073][494]LogTexture:Display: テクスチャをビルド中: HQ_Lightmap1_3 (AutoDXT)
[2016.02.13-14.21.12:091][494]LogTexture:Display: テクスチャをビルド中: LQ_Lightmap_1_2 (DXT1)
[2016.02.13-14.21.12:101][494]LogTexture:Display: テクスチャをビルド中: HQ_Lightmap1_2 (AutoDXT)
[2016.02.13-14.21.12:124][494]LogTexture:Display: テクスチャをビルド中: LQ_Lightmap_0_1 (DXT1)
[2016.02.13-14.21.12:964][494]LogTexture:Display: テクスチャをビルド中: ShadowMapTexture2D_25 (G8)
[2016.02.13-14.21.13:041][494]LogTexture:Display: テクスチャをビルド中: ShadowMapTexture2D_26 (G8)
[2016.02.13-14.21.13:050][494]LogTexture:Display: テクスチャをビルド中: ShadowMapTexture2D_27 (G8)
[2016.02.13-14.21.13:060][494]LogTexture:Display: テクスチャをビルド中: ShadowMapTexture2D_28 (G8)
[2016.02.13-14.21.13:069][494]LogTexture:Display: テクスチャをビルド中: ShadowMapTexture2D_29 (G8)
[2016.02.13-14.21.13:103][494]Lightmass on DESKTOP-6H4BEHG: 23.3 sec total, 89 ms importing, 0 ms setup, 730 ms photons, 22.5 sec processing, 0 ms extra exporting [5/5 mappings]. Threads: 1:30 min total, 20.6 sec processing.
[2016.02.13-14.21.13:118][494]LogStaticLightingSystem: Illumination: 28.2 sec (2.41 sec encoding lightmaps)
[2016.02.13-14.21.13:118][494]LogStaticLightingSystem: Lightmap texture memory:  5.7 MB (5.7 MB streaming, 0.0 MB non-streaming), 10 textures
[2016.02.13-14.21.13:118][494]LogStaticLightingSystem: Shadowmap texture memory: 10.0 MB (10.0 MB streaming, 0.0 MB non-streaming), 23 textures
[2016.02.13-14.21.13:369][495]Cmd: MAP CHECK NOTIFYRESULTS
[2016.02.13-14.21.13:369][495]MapCheck: New page: RollingBPExampleMap - 2016/02/14 8:21:13
[2016.02.13-14.21.13:423][495]MapCheck: 情報 マップチェックが完了: 0 エラー、 0 警告、完了に 54.548ミリ秒かかりました。
[2016.02.13-14.21.38:665][  8]LogBlueprintUserMessages: Early PlayInEditor Detection: Level '/Game/RollingBP/Maps/RollingBPExampleMap.RollingBPExampleMap:PersistentLevel' has LevelScriptBlueprint '/Game/RollingBP/Maps/RollingBPExampleMap.RollingBPExampleMap:PersistentLevel.RollingBPExampleMap' with GeneratedClass '/Game/RollingBP/Maps/RollingBPExampleMap.RollingBPExampleMap_C' with ClassGeneratedBy '/Game/RollingBP/Maps/RollingBPExampleMap.RollingBPExampleMap:PersistentLevel.RollingBPExampleMap'
[2016.02.13-14.21.38:665][  8]LogPlayLevel: PlayLevel: No blueprints needed recompiling
[2016.02.13-14.21.38:665][  8]PIE: New page: PIEセッション: RollingBPExampleMap (2016/02/14 8:21:38)
[2016.02.13-14.21.38:665][  8]LogPlayLevel: Creating play world package: /Game/RollingBP/Maps/UEDPIE_0_RollingBPExampleMap
[2016.02.13-14.21.38:700][  8]LogPlayLevel: PIE: StaticDuplicateObject took: (0.035562s)
[2016.02.13-14.21.38:701][  8]LogAIModule: Creating AISystem for world RollingBPExampleMap
[2016.02.13-14.21.38:701][  8]LogPlayLevel: PIE: World Init took: (0.000907s)
[2016.02.13-14.21.38:702][  8]LogPlayLevel: PIE: Created PIE world by copying editor world from /Game/RollingBP/Maps/RollingBPExampleMap.RollingBPExampleMap to /Game/RollingBP/Maps/UEDPIE_0_RollingBPExampleMap.RollingBPExampleMap (0.036698s)
[2016.02.13-14.21.38:728][  8]LogInit: XAudio2 using 'スピーカー (Realtek High Definition Audio(SST))' : 2 channels at 48 kHz using 32 bits per sample (channel mask 0x3)
[2016.02.13-14.21.38:734][  8]LogInit: FAudioDevice initialized.
[2016.02.13-14.21.38:765][  8]LogWorld: Game class is 'RollingGameMode_C'
[2016.02.13-14.21.38:768][  8]LogWorld: Bringing World /Game/RollingBP/Maps/UEDPIE_0_RollingBPExampleMap.RollingBPExampleMap up for play (max tick rate 60) at 2016.02.13-23.21.38
[2016.02.13-14.21.38:768][  8]LogActor:Warning: GameSession /Game/RollingBP/Maps/UEDPIE_0_RollingBPExampleMap.RollingBPExampleMap:PersistentLevel.GameSession_28 has natively added scene component(s), but none of them were set as the actor's RootComponent - picking one arbitrarily
[2016.02.13-14.21.38:768][  8]LogActor:Warning: GameNetworkManager /Game/RollingBP/Maps/UEDPIE_0_RollingBPExampleMap.RollingBPExampleMap:PersistentLevel.GameNetworkManager_28 has natively added scene component(s), but none of them were set as the actor's RootComponent - picking one arbitrarily
[2016.02.13-14.21.38:768][  8]LogWorld: Bringing up level for play took: 0.003061
[2016.02.13-14.21.38:769][  8]PIE: 情報 /Game/RollingBP/Maps/UEDPIE_0_RollingBPExampleMap 0.76のプレイ イン エディタの開始時間
[2016.02.13-14.21.38:769][  8]LogBlueprintUserMessages: Late PlayInEditor Detection: Level '/Game/RollingBP/Maps/RollingBPExampleMap.RollingBPExampleMap:PersistentLevel' has LevelScriptBlueprint '/Game/RollingBP/Maps/RollingBPExampleMap.RollingBPExampleMap:PersistentLevel.RollingBPExampleMap' with GeneratedClass '/Game/RollingBP/Maps/RollingBPExampleMap.RollingBPExampleMap_C' with ClassGeneratedBy '/Game/RollingBP/Maps/RollingBPExampleMap.RollingBPExampleMap:PersistentLevel.RollingBPExampleMap'
[2016.02.13-14.21.47:698][527]LogBlueprintUserMessages: Early EndPlayMap Detection: Level '/Game/RollingBP/Maps/RollingBPExampleMap.RollingBPExampleMap:PersistentLevel' has LevelScriptBlueprint '/Game/RollingBP/Maps/RollingBPExampleMap.RollingBPExampleMap:PersistentLevel.RollingBPExampleMap' with GeneratedClass '/Game/RollingBP/Maps/RollingBPExampleMap.RollingBPExampleMap_C' with ClassGeneratedBy '/Game/RollingBP/Maps/RollingBPExampleMap.RollingBPExampleMap:PersistentLevel.RollingBPExampleMap'
[2016.02.13-14.21.47:727][527]LogBlueprintUserMessages: Late EndPlayMap Detection: Level '/Game/RollingBP/Maps/RollingBPExampleMap.RollingBPExampleMap:PersistentLevel' has LevelScriptBlueprint '/Game/RollingBP/Maps/RollingBPExampleMap.RollingBPExampleMap:PersistentLevel.RollingBPExampleMap' with GeneratedClass '/Game/RollingBP/Maps/RollingBPExampleMap.RollingBPExampleMap_C' with ClassGeneratedBy '/Game/RollingBP/Maps/RollingBPExampleMap.RollingBPExampleMap:PersistentLevel.RollingBPExampleMap'
[2016.02.13-14.21.47:765][528]LogParticles: Destroying 0 GPU particle simulations for FXSystem 0x0000017161DCACA0
[2016.02.13-14.22.00:173][266]LogBlueprintUserMessages: Early PlayInEditor Detection: Level '/Game/RollingBP/Maps/RollingBPExampleMap.RollingBPExampleMap:PersistentLevel' has LevelScriptBlueprint '/Game/RollingBP/Maps/RollingBPExampleMap.RollingBPExampleMap:PersistentLevel.RollingBPExampleMap' with GeneratedClass '/Game/RollingBP/Maps/RollingBPExampleMap.RollingBPExampleMap_C' with ClassGeneratedBy '/Game/RollingBP/Maps/RollingBPExampleMap.RollingBPExampleMap:PersistentLevel.RollingBPExampleMap'
[2016.02.13-14.22.00:173][266]LogPlayLevel: PlayLevel: No blueprints needed recompiling
[2016.02.13-14.22.00:173][266]PIE: New page: PIEセッション: RollingBPExampleMap (2016/02/14 8:22:00)
[2016.02.13-14.22.00:174][266]LogPlayLevel: Creating play world package: /Game/RollingBP/Maps/UEDPIE_0_RollingBPExampleMap
[2016.02.13-14.22.00:215][266]LogPlayLevel: PIE: StaticDuplicateObject took: (0.040973s)
[2016.02.13-14.22.00:216][266]LogAIModule: Creating AISystem for world RollingBPExampleMap
[2016.02.13-14.22.00:216][266]LogPlayLevel: PIE: World Init took: (0.000958s)
[2016.02.13-14.22.00:216][266]LogPlayLevel: PIE: Created PIE world by copying editor world from /Game/RollingBP/Maps/RollingBPExampleMap.RollingBPExampleMap to /Game/RollingBP/Maps/UEDPIE_0_RollingBPExampleMap.RollingBPExampleMap (0.042172s)
[2016.02.13-14.22.00:275][266]LogInit: XAudio2 using 'スピーカー (Realtek High Definition Audio(SST))' : 2 channels at 48 kHz using 32 bits per sample (channel mask 0x3)
[2016.02.13-14.22.00:298][266]LogInit: FAudioDevice initialized.
[2016.02.13-14.22.00:347][266]LogWorld: Game class is 'RollingGameMode_C'
[2016.02.13-14.22.00:355][266]LogWorld: Bringing World /Game/RollingBP/Maps/UEDPIE_0_RollingBPExampleMap.RollingBPExampleMap up for play (max tick rate 60) at 2016.02.13-23.22.00
[2016.02.13-14.22.00:356][266]LogActor:Warning: GameSession /Game/RollingBP/Maps/UEDPIE_0_RollingBPExampleMap.RollingBPExampleMap:PersistentLevel.GameSession_29 has natively added scene component(s), but none of them were set as the actor's RootComponent - picking one arbitrarily
[2016.02.13-14.22.00:356][266]LogActor:Warning: GameNetworkManager /Game/RollingBP/Maps/UEDPIE_0_RollingBPExampleMap.RollingBPExampleMap:PersistentLevel.GameNetworkManager_29 has natively added scene component(s), but none of them were set as the actor's RootComponent - picking one arbitrarily
[2016.02.13-14.22.00:356][266]LogWorld: Bringing up level for play took: 0.007094
[2016.02.13-14.22.00:359][266]PIE: 情報 /Game/RollingBP/Maps/UEDPIE_0_RollingBPExampleMap 0.35のプレイ イン エディタの開始時間
[2016.02.13-14.22.00:359][266]LogBlueprintUserMessages: Late PlayInEditor Detection: Level '/Game/RollingBP/Maps/RollingBPExampleMap.RollingBPExampleMap:PersistentLevel' has LevelScriptBlueprint '/Game/RollingBP/Maps/RollingBPExampleMap.RollingBPExampleMap:PersistentLevel.RollingBPExampleMap' with GeneratedClass '/Game/RollingBP/Maps/RollingBPExampleMap.RollingBPExampleMap_C' with ClassGeneratedBy '/Game/RollingBP/Maps/RollingBPExampleMap.RollingBPExampleMap:PersistentLevel.RollingBPExampleMap'
[2016.02.13-14.22.15:424][167]LogBlueprintUserMessages: Early EndPlayMap Detection: Level '/Game/RollingBP/Maps/RollingBPExampleMap.RollingBPExampleMap:PersistentLevel' has LevelScriptBlueprint '/Game/RollingBP/Maps/RollingBPExampleMap.RollingBPExampleMap:PersistentLevel.RollingBPExampleMap' with GeneratedClass '/Game/RollingBP/Maps/RollingBPExampleMap.RollingBPExampleMap_C' with ClassGeneratedBy '/Game/RollingBP/Maps/RollingBPExampleMap.RollingBPExampleMap:PersistentLevel.RollingBPExampleMap'
[2016.02.13-14.22.15:471][167]LogBlueprintUserMessages: Late EndPlayMap Detection: Level '/Game/RollingBP/Maps/RollingBPExampleMap.RollingBPExampleMap:PersistentLevel' has LevelScriptBlueprint '/Game/RollingBP/Maps/RollingBPExampleMap.RollingBPExampleMap:PersistentLevel.RollingBPExampleMap' with GeneratedClass '/Game/RollingBP/Maps/RollingBPExampleMap.RollingBPExampleMap_C' with ClassGeneratedBy '/Game/RollingBP/Maps/RollingBPExampleMap.RollingBPExampleMap:PersistentLevel.RollingBPExampleMap'
[2016.02.13-14.22.15:490][167]LogParticles: Destroying 0 GPU particle simulations for FXSystem 0x00000171546F7920
[2016.02.13-14.22.22:408][578]LogBlueprintUserMessages: Early PlayInEditor Detection: Level '/Game/RollingBP/Maps/RollingBPExampleMap.RollingBPExampleMap:PersistentLevel' has LevelScriptBlueprint '/Game/RollingBP/Maps/RollingBPExampleMap.RollingBPExampleMap:PersistentLevel.RollingBPExampleMap' with GeneratedClass '/Game/RollingBP/Maps/RollingBPExampleMap.RollingBPExampleMap_C' with ClassGeneratedBy '/Game/RollingBP/Maps/RollingBPExampleMap.RollingBPExampleMap:PersistentLevel.RollingBPExampleMap'
[2016.02.13-14.22.22:408][578]LogPlayLevel: PlayLevel: No blueprints needed recompiling
[2016.02.13-14.22.22:408][578]PIE: New page: PIEセッション: RollingBPExampleMap (2016/02/14 8:22:22)
[2016.02.13-14.22.22:408][578]LogPlayLevel: Creating play world package: /Game/RollingBP/Maps/UEDPIE_0_RollingBPExampleMap
[2016.02.13-14.22.22:422][578]LogPlayLevel: PIE: StaticDuplicateObject took: (0.013220s)
[2016.02.13-14.22.22:422][578]LogAIModule: Creating AISystem for world RollingBPExampleMap
[2016.02.13-14.22.22:423][578]LogPlayLevel: PIE: World Init took: (0.000969s)
[2016.02.13-14.22.22:423][578]LogPlayLevel: PIE: Created PIE world by copying editor world from /Game/RollingBP/Maps/RollingBPExampleMap.RollingBPExampleMap to /Game/RollingBP/Maps/UEDPIE_0_RollingBPExampleMap.RollingBPExampleMap (0.014434s)
[2016.02.13-14.22.22:475][578]LogInit: XAudio2 using 'スピーカー (Realtek High Definition Audio(SST))' : 2 channels at 48 kHz using 32 bits per sample (channel mask 0x3)
[2016.02.13-14.22.22:480][578]LogInit: FAudioDevice initialized.
[2016.02.13-14.22.22:512][578]LogWorld: Game class is 'RollingGameMode_C'
[2016.02.13-14.22.22:515][578]LogWorld: Bringing World /Game/RollingBP/Maps/UEDPIE_0_RollingBPExampleMap.RollingBPExampleMap up for play (max tick rate 60) at 2016.02.13-23.22.22
[2016.02.13-14.22.22:515][578]LogActor:Warning: GameSession /Game/RollingBP/Maps/UEDPIE_0_RollingBPExampleMap.RollingBPExampleMap:PersistentLevel.GameSession_30 has natively added scene component(s), but none of them were set as the actor's RootComponent - picking one arbitrarily
[2016.02.13-14.22.22:515][578]LogActor:Warning: GameNetworkManager /Game/RollingBP/Maps/UEDPIE_0_RollingBPExampleMap.RollingBPExampleMap:PersistentLevel.GameNetworkManager_30 has natively added scene component(s), but none of them were set as the actor's RootComponent - picking one arbitrarily
[2016.02.13-14.22.22:515][578]LogWorld: Bringing up level for play took: 0.002593
[2016.02.13-14.22.22:516][578]PIE: 情報 /Game/RollingBP/Maps/UEDPIE_0_RollingBPExampleMap 0.507のプレイ イン エディタの開始時間
[2016.02.13-14.22.22:516][578]LogBlueprintUserMessages: Late PlayInEditor Detection: Level '/Game/RollingBP/Maps/RollingBPExampleMap.RollingBPExampleMap:PersistentLevel' has LevelScriptBlueprint '/Game/RollingBP/Maps/RollingBPExampleMap.RollingBPExampleMap:PersistentLevel.RollingBPExampleMap' with GeneratedClass '/Game/RollingBP/Maps/RollingBPExampleMap.RollingBPExampleMap_C' with ClassGeneratedBy '/Game/RollingBP/Maps/RollingBPExampleMap.RollingBPExampleMap:PersistentLevel.RollingBPExampleMap'
[2016.02.13-14.22.23:742][650]MapCheck: New page: マップをチェック
[2016.02.13-14.22.23:781][650]Cmd: MAP REBUILD ALLVISIBLE
[2016.02.13-14.22.23:781][650]LogEditorServer: Rebuildmap Clear paths rebuilt
[2016.02.13-14.22.23:809][650]MapCheck:Warning: 警告 WorldInfo_0 Hierarchical LOD System is disabled or no HLOD level settings available, unable to build LOD actors. 
[2016.02.13-14.22.23:809][650]LogStats:          STAT_HLOD_BuildClusters - 19.435 ms
[2016.02.13-14.22.23:809][650]LightingResults: New page: ライティングのビルド - 2016/02/14 8:22:23
[2016.02.13-14.22.28:339][650]LogStaticLightingSystem: Running Lightmass w/ ImmediateImport mode ENABLED
[2016.02.13-14.22.28:339][650]LogStaticLightingSystem: Running Lightmass w/ ImmediateProcess mode ENABLED
[2016.02.13-14.22.28:339][650]LogStaticLightingSystem: Running Lightmass w/ Sorting mode ENABLED
[2016.02.13-14.22.28:339][650]LogStaticLightingSystem: Running Lightmass w/ Mapping paddings ENABLED
[2016.02.13-14.22.28:339][650]LogStaticLightingSystem: Running Lightmass w/ Mapping debug paddings DISABLED
[2016.02.13-14.22.28:408][650]LogEditorBuildUtils: Build time 0:00:04
[2016.02.13-14.22.51:176][979]Job is a success!
[2016.02.13-14.23.45:234][177]LogTexture:Display: テクスチャをビルド中: HQ_Lightmap1_1 (AutoDXT)
[2016.02.13-14.23.46:411][177]LogTexture:Display: テクスチャをビルド中: LQ_Lightmap_0_5 (DXT1)
[2016.02.13-14.23.46:420][177]LogTexture:Display: テクスチャをビルド中: HQ_Lightmap0_5 (AutoDXT)
[2016.02.13-14.23.46:435][177]LogTexture:Display: テクスチャをビルド中: LQ_Lightmap_0_4 (DXT1)
[2016.02.13-14.23.46:443][177]LogTexture:Display: テクスチャをビルド中: HQ_Lightmap0_4 (AutoDXT)
[2016.02.13-14.23.46:459][177]LogTexture:Display: テクスチャをビルド中: LQ_Lightmap_0_3 (DXT1)
[2016.02.13-14.23.46:468][177]LogTexture:Display: テクスチャをビルド中: HQ_Lightmap0_3 (AutoDXT)
[2016.02.13-14.23.46:485][177]LogTexture:Display: テクスチャをビルド中: LQ_Lightmap_0_2 (DXT1)
[2016.02.13-14.23.46:495][177]LogTexture:Display: テクスチャをビルド中: HQ_Lightmap0_2 (AutoDXT)
[2016.02.13-14.23.46:514][177]LogTexture:Display: テクスチャをビルド中: LQ_Lightmap_1_1 (DXT1)
[2016.02.13-14.23.47:372][177]LogTexture:Display: テクスチャをビルド中: ShadowMapTexture2D_30 (G8)
[2016.02.13-14.23.47:453][177]LogTexture:Display: テクスチャをビルド中: ShadowMapTexture2D_31 (G8)
[2016.02.13-14.23.47:461][177]LogTexture:Display: テクスチャをビルド中: ShadowMapTexture2D_32 (G8)
[2016.02.13-14.23.47:469][177]LogTexture:Display: テクスチャをビルド中: ShadowMapTexture2D_33 (G8)
[2016.02.13-14.23.47:478][177]LogTexture:Display: テクスチャをビルド中: ShadowMapTexture2D_34 (G8)
[2016.02.13-14.23.47:505][177]Lightmass on DESKTOP-6H4BEHG: 1:18 min total, 95 ms importing, 0 ms setup, 759 ms photons, 1:17 min processing, 0 ms extra exporting [5/5 mappings]. Threads: 5:11 min total, 22.4 sec processing.
[2016.02.13-14.23.47:508][177]LogStaticLightingSystem: Illumination: 29.9 sec (2.47 sec encoding lightmaps)
[2016.02.13-14.23.47:508][177]LogStaticLightingSystem: Lightmap texture memory:  5.7 MB (5.7 MB streaming, 0.0 MB non-streaming), 10 textures
[2016.02.13-14.23.47:508][177]LogStaticLightingSystem: Shadowmap texture memory: 12.8 MB (12.8 MB streaming, 0.0 MB non-streaming), 28 textures
[2016.02.13-14.23.48:377][178]Cmd: MAP CHECK NOTIFYRESULTS
[2016.02.13-14.23.48:377][178]MapCheck: New page: UEDPIE_0_RollingBPExampleMap - 2016/02/14 8:23:48
[2016.02.13-14.23.48:424][178]MapCheck: 情報 マップチェックが完了: 0 エラー、 0 警告、完了に 46.498ミリ秒かかりました。
[2016.02.13-14.23.50:958][330]LogBlueprintUserMessages: Early EndPlayMap Detection: Level '/Game/RollingBP/Maps/RollingBPExampleMap.RollingBPExampleMap:PersistentLevel' has LevelScriptBlueprint '/Game/RollingBP/Maps/RollingBPExampleMap.RollingBPExampleMap:PersistentLevel.RollingBPExampleMap' with GeneratedClass '/Game/RollingBP/Maps/RollingBPExampleMap.RollingBPExampleMap_C' with ClassGeneratedBy '/Game/RollingBP/Maps/RollingBPExampleMap.RollingBPExampleMap:PersistentLevel.RollingBPExampleMap'
[2016.02.13-14.23.51:033][330]LogBlueprintUserMessages: Late EndPlayMap Detection: Level '/Game/RollingBP/Maps/RollingBPExampleMap.RollingBPExampleMap:PersistentLevel' has LevelScriptBlueprint '/Game/RollingBP/Maps/RollingBPExampleMap.RollingBPExampleMap:PersistentLevel.RollingBPExampleMap' with GeneratedClass '/Game/RollingBP/Maps/RollingBPExampleMap.RollingBPExampleMap_C' with ClassGeneratedBy '/Game/RollingBP/Maps/RollingBPExampleMap.RollingBPExampleMap:PersistentLevel.RollingBPExampleMap'
[2016.02.13-14.23.51:068][330]LogParticles: Destroying 0 GPU particle simulations for FXSystem 0x000001714FD6BC40
[2016.02.13-14.23.54:171][502]LogBlueprintUserMessages: Early PlayInEditor Detection: Level '/Game/RollingBP/Maps/RollingBPExampleMap.RollingBPExampleMap:PersistentLevel' has LevelScriptBlueprint '/Game/RollingBP/Maps/RollingBPExampleMap.RollingBPExampleMap:PersistentLevel.RollingBPExampleMap' with GeneratedClass '/Game/RollingBP/Maps/RollingBPExampleMap.RollingBPExampleMap_C' with ClassGeneratedBy '/Game/RollingBP/Maps/RollingBPExampleMap.RollingBPExampleMap:PersistentLevel.RollingBPExampleMap'
[2016.02.13-14.23.54:171][502]LogPlayLevel: PlayLevel: No blueprints needed recompiling
[2016.02.13-14.23.54:171][502]PIE: New page: PIEセッション: RollingBPExampleMap (2016/02/14 8:23:54)
[2016.02.13-14.23.54:171][502]LogPlayLevel: Creating play world package: /Game/RollingBP/Maps/UEDPIE_0_RollingBPExampleMap
[2016.02.13-14.23.54:182][502]LogPlayLevel: PIE: StaticDuplicateObject took: (0.010789s)
[2016.02.13-14.23.54:183][502]LogAIModule: Creating AISystem for world RollingBPExampleMap
[2016.02.13-14.23.54:183][502]LogPlayLevel: PIE: World Init took: (0.000988s)
[2016.02.13-14.23.54:183][502]LogPlayLevel: PIE: Created PIE world by copying editor world from /Game/RollingBP/Maps/RollingBPExampleMap.RollingBPExampleMap to /Game/RollingBP/Maps/UEDPIE_0_RollingBPExampleMap.RollingBPExampleMap (0.012051s)
[2016.02.13-14.23.54:243][502]LogInit: XAudio2 using 'スピーカー (Realtek High Definition Audio(SST))' : 2 channels at 48 kHz using 32 bits per sample (channel mask 0x3)
[2016.02.13-14.23.54:250][502]LogInit: FAudioDevice initialized.
[2016.02.13-14.23.54:286][502]LogWorld: Game class is 'RollingGameMode_C'
[2016.02.13-14.23.54:288][502]LogWorld: Bringing World /Game/RollingBP/Maps/UEDPIE_0_RollingBPExampleMap.RollingBPExampleMap up for play (max tick rate 60) at 2016.02.13-23.23.54
[2016.02.13-14.23.54:288][502]LogActor:Warning: GameSession /Game/RollingBP/Maps/UEDPIE_0_RollingBPExampleMap.RollingBPExampleMap:PersistentLevel.GameSession_31 has natively added scene component(s), but none of them were set as the actor's RootComponent - picking one arbitrarily
[2016.02.13-14.23.54:288][502]LogActor:Warning: GameNetworkManager /Game/RollingBP/Maps/UEDPIE_0_RollingBPExampleMap.RollingBPExampleMap:PersistentLevel.GameNetworkManager_31 has natively added scene component(s), but none of them were set as the actor's RootComponent - picking one arbitrarily
[2016.02.13-14.23.54:289][502]LogWorld: Bringing up level for play took: 0.002576
[2016.02.13-14.23.54:289][502]PIE: 情報 /Game/RollingBP/Maps/UEDPIE_0_RollingBPExampleMap 0.28のプレイ イン エディタの開始時間
[2016.02.13-14.23.54:290][502]LogBlueprintUserMessages: Late PlayInEditor Detection: Level '/Game/RollingBP/Maps/RollingBPExampleMap.RollingBPExampleMap:PersistentLevel' has LevelScriptBlueprint '/Game/RollingBP/Maps/RollingBPExampleMap.RollingBPExampleMap:PersistentLevel.RollingBPExampleMap' with GeneratedClass '/Game/RollingBP/Maps/RollingBPExampleMap.RollingBPExampleMap_C' with ClassGeneratedBy '/Game/RollingBP/Maps/RollingBPExampleMap.RollingBPExampleMap:PersistentLevel.RollingBPExampleMap'
[2016.02.13-14.23.59:888][822]LogBlueprintUserMessages: Early EndPlayMap Detection: Level '/Game/RollingBP/Maps/RollingBPExampleMap.RollingBPExampleMap:PersistentLevel' has LevelScriptBlueprint '/Game/RollingBP/Maps/RollingBPExampleMap.RollingBPExampleMap:PersistentLevel.RollingBPExampleMap' with GeneratedClass '/Game/RollingBP/Maps/RollingBPExampleMap.RollingBPExampleMap_C' with ClassGeneratedBy '/Game/RollingBP/Maps/RollingBPExampleMap.RollingBPExampleMap:PersistentLevel.RollingBPExampleMap'
[2016.02.13-14.23.59:938][822]LogBlueprintUserMessages: Late EndPlayMap Detection: Level '/Game/RollingBP/Maps/RollingBPExampleMap.RollingBPExampleMap:PersistentLevel' has LevelScriptBlueprint '/Game/RollingBP/Maps/RollingBPExampleMap.RollingBPExampleMap:PersistentLevel.RollingBPExampleMap' with GeneratedClass '/Game/RollingBP/Maps/RollingBPExampleMap.RollingBPExampleMap_C' with ClassGeneratedBy '/Game/RollingBP/Maps/RollingBPExampleMap.RollingBPExampleMap:PersistentLevel.RollingBPExampleMap'
[2016.02.13-14.23.59:968][822]LogParticles: Destroying 0 GPU particle simulations for FXSystem 0x0000017170F85F80
[2016.02.13-14.24.07:845][950]LogSavePackage: Save=822.622437ms
[2016.02.13-14.24.07:845][950]LogSavePackage: Moving '../../../../../../Users/kotaoue/Documents/Unreal Projects/DJYamabiko/Saved/RollingBPExampleMapCE0C7BBD4D0BEF13FE493BBCC56D180E.tmp' to '../../../../../../Users/kotaoue/Documents/Unreal Projects/DJYamabiko/Content/RollingBP/Maps/RollingBPExampleMap.umap'
[2016.02.13-14.24.07:850][950]LogSavePackage: Total save time: 829.341866ms
[2016.02.13-14.24.07:850][950]LogSavePackage:Display: Finished SavePackage ../../../../../../Users/kotaoue/Documents/Unreal Projects/DJYamabiko/Content/RollingBP/Maps/RollingBPExampleMap.umap
[2016.02.13-14.24.07:875][950]LogFileHelpers: Saving map 'RollingBPExampleMap' took 0.915
[2016.02.13-14.24.07:978][950]LogWindowsTextInputMethodSystem:Display: IME system now activated using TSF (Microsoft IME).
[2016.02.13-14.24.07:978][950]LogWindowsTextInputMethodSystem:Display: IME system now activated using TSF (Microsoft IME).
[2016.02.13-14.24.08:010][950]LogWindowsTextInputMethodSystem:Display: IME system now activated using TSF (Microsoft IME).
[2016.02.13-14.24.08:011][950]LogWindowsTextInputMethodSystem:Display: IME system now activated using TSF (Microsoft IME).
[2016.02.13-14.24.08:331][951]Cmd: QUIT_EDITOR
[2016.02.13-14.24.09:295][951]LogWindowsTextInputMethodSystem:Display: IME system now activated using TSF (Microsoft IME).
[2016.02.13-14.24.09:296][951]LogWindowsTextInputMethodSystem:Display: IME system now activated using TSF (Microsoft IME).
[2016.02.13-14.24.09:368][951]LogExit: Preparing to exit.
[2016.02.13-14.24.10:629][951]LogExit: Editor shut down
[2016.02.13-14.24.10:630][951]LogExit: Transaction tracking system shut down
[2016.02.13-14.24.10:636][951]LogParticles: Destroying 0 GPU particle simulations for FXSystem 0x000001712044FA60
[2016.02.13-14.24.10:636][951]LogParticles: Destroying 0 GPU particle simulations for FXSystem 0x000001711E3FB880
[2016.02.13-14.24.10:791][951]LogParticles: Destroying 0 GPU particle simulations for FXSystem 0x000001711E66D1C0
[2016.02.13-14.24.10:791][951]LogParticles: Destroying 0 GPU particle simulations for FXSystem 0x000001711E66CEA0
[2016.02.13-14.24.10:791][951]LogExit: Object subsystem successfully closed.
[2016.02.13-14.24.10:812][951]LogD3D11RHI: Shutdown
[2016.02.13-14.24.10:812][951]LogD3D11RHI: CleanupD3DDevice
[2016.02.13-14.24.10:884][951]LogD3D11RHI: ~FD3D11DynamicRHI
[2016.02.13-14.24.10:897][951]LogModuleManager: Shutting down and abandoning module CookingStats (199)
[2016.02.13-14.24.10:897][951]LogModuleManager: Shutting down and abandoning module CrashTracker (198)
[2016.02.13-14.24.10:897][951]LogModuleManager: Shutting down and abandoning module SceneOutliner (197)
[2016.02.13-14.24.10:897][951]LogModuleManager: Shutting down and abandoning module SuperSearch (196)
[2016.02.13-14.24.10:897][951]LogModuleManager: Shutting down and abandoning module WidgetCarousel (195)
[2016.02.13-14.24.10:897][951]LogModuleManager: Shutting down and abandoning module AddContentDialog (194)
[2016.02.13-14.24.10:903][951]LogModuleManager: Shutting down and abandoning module EditorWidgets (193)
[2016.02.13-14.24.10:903][951]LogModuleManager: Shutting down and abandoning module CollectionManager (192)
[2016.02.13-14.24.10:904][951]LogModuleManager: Shutting down and abandoning module StatsViewer (191)
[2016.02.13-14.24.10:904][951]LogModuleManager: Shutting down and abandoning module FoliageEdit (190)
[2016.02.13-14.24.10:904][951]LogModuleManager: Shutting down and abandoning module LandscapeEditor (189)
[2016.02.13-14.24.10:904][951]LogModuleManager: Shutting down and abandoning module ActorPickerMode (188)
[2016.02.13-14.24.10:904][951]LogModuleManager: Shutting down and abandoning module GeometryMode (187)
[2016.02.13-14.24.10:904][951]LogModuleManager: Shutting down and abandoning module TextureAlignMode (186)
[2016.02.13-14.24.10:904][951]LogModuleManager: Shutting down and abandoning module BspMode (185)
[2016.02.13-14.24.10:904][951]LogModuleManager: Shutting down and abandoning module PlacementMode (184)
[2016.02.13-14.24.10:904][951]LogModuleManager: Shutting down and abandoning module AutomationWorker (183)
[2016.02.13-14.24.10:904][951]LogModuleManager: Shutting down and abandoning module CharacterAI (182)
[2016.02.13-14.24.10:904][951]LogModuleManager: Shutting down and abandoning module SmartSnapping (181)
[2016.02.13-14.24.10:904][951]LogModuleManager: Shutting down and abandoning module ViewportSnapping (180)
[2016.02.13-14.24.10:904][951]LogModuleManager: Shutting down and abandoning module LogVisualizer (179)
[2016.02.13-14.24.10:904][951]LogModuleManager: Shutting down and abandoning module GameProjectGeneration (178)
[2016.02.13-14.24.10:904][951]LogModuleManager: Shutting down and abandoning module IntroTutorials (177)
[2016.02.13-14.24.10:904][951]LogModuleManager: Shutting down and abandoning module EditorLiveStreaming (176)
[2016.02.13-14.24.10:904][951]LogModuleManager: Shutting down and abandoning module IOSPlatformEditor (175)
[2016.02.13-14.24.10:904][951]LogModuleManager: Shutting down and abandoning module HTML5PlatformEditor (174)
[2016.02.13-14.24.10:904][951]LogModuleManager: Shutting down and abandoning module AndroidDeviceDetection (173)
[2016.02.13-14.24.11:591][951]LogModuleManager: Shutting down and abandoning module AndroidPlatformEditor (172)
[2016.02.13-14.24.11:591][951]LogModuleManager: Shutting down and abandoning module IOSRuntimeSettings (171)
[2016.02.13-14.24.11:591][951]LogModuleManager: Shutting down and abandoning module AndroidRuntimeSettings (170)
[2016.02.13-14.24.11:591][951]LogModuleManager: Shutting down and abandoning module MergeActors (169)
[2016.02.13-14.24.11:591][951]LogModuleManager: Shutting down and abandoning module SizeMap (168)
[2016.02.13-14.24.11:591][951]LogModuleManager: Shutting down and abandoning module TreeMap (167)
[2016.02.13-14.24.11:592][951]LogModuleManager: Shutting down and abandoning module ReferenceViewer (166)
[2016.02.13-14.24.11:592][951]LogModuleManager: Shutting down and abandoning module LocalizationService (165)
[2016.02.13-14.24.11:592][951]LogModuleManager: Shutting down and abandoning module LocalizationDashboard (164)
[2016.02.13-14.24.11:592][951]LogModuleManager: Shutting down and abandoning module HardwareTargeting (163)
[2016.02.13-14.24.11:592][951]LogModuleManager: Shutting down and abandoning module DeviceProfileEditor (162)
[2016.02.13-14.24.11:592][951]LogModuleManager: Shutting down and abandoning module UndoHistory (161)
[2016.02.13-14.24.11:592][951]LogModuleManager: Shutting down and abandoning module GameplayTagsEditor (160)
[2016.02.13-14.24.11:592][951]LogModuleManager: Shutting down and abandoning module UserFeedback (159)
[2016.02.13-14.24.11:592][951]LogModuleManager: Shutting down and abandoning module XmlParser (158)
[2016.02.13-14.24.11:592][951]LogModuleManager: Shutting down and abandoning module Blutility (157)
[2016.02.13-14.24.11:592][951]LogModuleManager: Shutting down and abandoning module ProjectTargetPlatformEditor (156)
[2016.02.13-14.24.11:593][951]LogModuleManager: Shutting down and abandoning module ProjectSettingsViewer (155)
[2016.02.13-14.24.11:593][951]LogModuleManager: Shutting down and abandoning module InputBindingEditor (154)
[2016.02.13-14.24.11:594][951]LogModuleManager: Shutting down and abandoning module EditorSettingsViewer (153)
[2016.02.13-14.24.11:594][951]LogModuleManager: Shutting down and abandoning module SettingsEditor (152)
[2016.02.13-14.24.11:594][951]LogModuleManager: Shutting down and abandoning module ProjectLauncher (151)
[2016.02.13-14.24.11:594][951]LogModuleManager: Shutting down and abandoning module SessionFrontend (150)
[2016.02.13-14.24.11:594][951]LogModuleManager: Shutting down and abandoning module ProfilerClient (149)
[2016.02.13-14.24.11:594][951]LogModuleManager: Shutting down and abandoning module TargetDeviceServices (148)
[2016.02.13-14.24.11:594][951]LogModuleManager: Shutting down and abandoning module DeviceManager (147)
[2016.02.13-14.24.11:596][951]LogModuleManager: Shutting down and abandoning module AutomationController (146)
[2016.02.13-14.24.11:596][951]LogModuleManager: Shutting down and abandoning module AutomationWindow (145)
[2016.02.13-14.24.11:596][951]LogModuleManager: Shutting down and abandoning module Layers (144)
[2016.02.13-14.24.11:596][951]LogModuleManager: Shutting down and abandoning module ComponentVisualizers (143)
[2016.02.13-14.24.11:596][951]LogModuleManager: Shutting down and abandoning module DetailCustomizations (142)
[2016.02.13-14.24.11:597][951]LogModuleManager: Shutting down and abandoning module PackagesDialog (141)
[2016.02.13-14.24.11:597][951]LogModuleManager: Shutting down and abandoning module Persona (140)
[2016.02.13-14.24.11:597][951]LogModuleManager: Shutting down and abandoning module Kismet (139)
[2016.02.13-14.24.11:597][951]LogModuleManager: Shutting down and abandoning module GraphEditor (138)
[2016.02.13-14.24.11:598][951]LogModuleManager: Shutting down and abandoning module ClassViewer (137)
[2016.02.13-14.24.11:598][951]LogModuleManager: Shutting down and abandoning module Toolbox (136)
[2016.02.13-14.24.11:598][951]LogModuleManager: Shutting down and abandoning module ModuleUI (135)
[2016.02.13-14.24.11:598][951]LogModuleManager: Shutting down and abandoning module MovieSceneTools (134)
[2016.02.13-14.24.11:598][951]LogModuleManager: Shutting down and abandoning module OutputLog (133)
[2016.02.13-14.24.11:598][951]LogModuleManager: Shutting down and abandoning module GammaUI (132)
[2016.02.13-14.24.11:598][951]LogModuleManager: Shutting down and abandoning module Documentation (131)
[2016.02.13-14.24.11:598][951]LogModuleManager: Shutting down and abandoning module GameLiveStreaming (130)
[2016.02.13-14.24.11:598][951]LogModuleManager: Shutting down and abandoning module StreamingPauseRendering (129)
[2016.02.13-14.24.11:598][951]LogModuleManager: Shutting down and abandoning module AnalyticsET (128)
[2016.02.13-14.24.11:598][951]LogModuleManager: Shutting down and abandoning module Analytics (127)
[2016.02.13-14.24.11:598][951]LogModuleManager: Shutting down and abandoning module AITestSuite (126)
[2016.02.13-14.24.11:599][951]LogModuleManager: Shutting down and abandoning module GameplayDebugger (125)
[2016.02.13-14.24.11:599][951]LogModuleManager: Shutting down and abandoning module AIModule (124)
[2016.02.13-14.24.11:599][951]LogModuleManager: Shutting down and abandoning module ProfilerService (123)
[2016.02.13-14.24.11:673][951]LogModuleManager: Shutting down and abandoning module TaskGraph (122)
[2016.02.13-14.24.11:673][951]LogModuleManager: Shutting down and abandoning module SlateRemote (121)
[2016.02.13-14.24.11:673][951]LogModuleManager: Shutting down and abandoning module SteamVRController (120)
[2016.02.13-14.24.11:673][951]LogModuleManager: Shutting down and abandoning module SteamVR (119)
[2016.02.13-14.24.11:673][951]LogModuleManager: Shutting down and abandoning module ProceduralMeshComponent (118)
[2016.02.13-14.24.11:673][951]LogModuleManager: Shutting down and abandoning module OculusLibrary (117)
[2016.02.13-14.24.11:673][951]LogModuleManager: Shutting down and abandoning module OculusInput (116)
[2016.02.13-14.24.11:674][951]LogModuleManager: Shutting down and abandoning module LeapMotionController (115)
[2016.02.13-14.24.11:696][951]LogModuleManager: Shutting down and abandoning module CustomMeshComponent (114)
[2016.02.13-14.24.11:696][951]LogModuleManager: Shutting down and abandoning module CableComponent (113)
[2016.02.13-14.24.11:696][951]LogModuleManager: Shutting down and abandoning module ArchVisCharacter (112)
[2016.02.13-14.24.11:696][951]LogModuleManager: Shutting down and abandoning module MessagingDebugger (111)
[2016.02.13-14.24.11:696][951]LogModuleManager: Shutting down and abandoning module MediaPlayerEditor (110)
[2016.02.13-14.24.11:696][951]LogModuleManager: Shutting down and abandoning module HTML5Networking (109)
[2016.02.13-14.24.11:696][951]LogModuleManager: Shutting down and abandoning module SpeedTreeImporter (108)
[2016.02.13-14.24.11:696][951]LogModuleManager: Shutting down and abandoning module PluginBrowser (107)
[2016.02.13-14.24.11:696][951]LogModuleManager: Shutting down and abandoning module EpicSurvey (106)
[2016.02.13-14.24.11:697][951]LogModuleManager: Shutting down and abandoning module DesktopPlatform (105)
[2016.02.13-14.24.11:697][951]LogModuleManager: Shutting down and abandoning module VisualStudioSourceCodeAccess (104)
[2016.02.13-14.24.11:697][951]LogModuleManager: Shutting down and abandoning module UObjectPlugin (103)
[2016.02.13-14.24.11:697][951]LogModuleManager: Shutting down and abandoning module SubversionSourceControl (102)
[2016.02.13-14.24.11:697][951]LogModuleManager: Shutting down and abandoning module PerforceSourceControl (101)
[2016.02.13-14.24.11:697][951]LogModuleManager: Shutting down and abandoning module SourceControl (100)
[2016.02.13-14.24.11:697][951]LogModuleManager: Shutting down and abandoning module GitSourceControl (99)
[2016.02.13-14.24.11:697][951]LogModuleManager: Shutting down and abandoning module LightPropagationVolumeEditor (98)
[2016.02.13-14.24.11:697][951]LogModuleManager: Shutting down and abandoning module PaperTiledImporter (97)
[2016.02.13-14.24.11:697][951]LogModuleManager: Shutting down and abandoning module PaperSpriteSheetImporter (96)
[2016.02.13-14.24.11:697][951]LogModuleManager: Shutting down and abandoning module MeshPaint (95)
[2016.02.13-14.24.11:697][951]LogModuleManager: Shutting down and abandoning module SlateReflector (94)
[2016.02.13-14.24.11:697][951]LogModuleManager: Shutting down and abandoning module HotReload (93)
[2016.02.13-14.24.11:697][951]LogModuleManager: Shutting down and abandoning module MainFrame (92)
[2016.02.13-14.24.11:697][951]LogModuleManager: Shutting down and abandoning module LevelEditor (91)
[2016.02.13-14.24.11:699][951]LogModuleManager: Shutting down and abandoning module DirectoryWatcher (90)
[2016.02.13-14.24.11:704][951]LogModuleManager: Shutting down and abandoning module AssetRegistry (89)
[2016.02.13-14.24.11:779][951]LogModuleManager: Shutting down and abandoning module ContentBrowser (88)
[2016.02.13-14.24.11:780][951]LogModuleManager: Shutting down and abandoning module Paper2DEditor (87)
[2016.02.13-14.24.11:780][951]LogModuleManager: Shutting down and abandoning module UdpMessaging (86)
[2016.02.13-14.24.11:882][951]LogModuleManager: Shutting down and abandoning module LightPropagationVolumeRuntime (85)
[2016.02.13-14.24.11:882][951]LogModuleManager: Shutting down and abandoning module Paper2D (84)
[2016.02.13-14.24.11:882][951]LogModuleManager: Shutting down and abandoning module WindowsMoviePlayer (83)
[2016.02.13-14.24.11:893][951]LogModuleManager: Shutting down and abandoning module Media (82)
[2016.02.13-14.24.11:893][951]LogModuleManager: Shutting down and abandoning module WmfMedia (81)
[2016.02.13-14.24.11:894][951]LogModuleManager: Shutting down and abandoning module OnlineBlueprintSupport (80)
[2016.02.13-14.24.11:894][951]LogModuleManager: Shutting down and abandoning module GameplayTasksEditor (79)
[2016.02.13-14.24.11:894][951]LogModuleManager: Shutting down and abandoning module PropertyEditor (78)
[2016.02.13-14.24.11:894][951]LogModuleManager: Shutting down and abandoning module BehaviorTreeEditor (77)
[2016.02.13-14.24.11:894][951]LogModuleManager: Shutting down and abandoning module FunctionalTesting (76)
[2016.02.13-14.24.11:894][951]LogModuleManager: Shutting down and abandoning module CollisionAnalyzer (75)
[2016.02.13-14.24.11:894][951]LogModuleManager: Shutting down and abandoning module WorkspaceMenuStructure (74)
[2016.02.13-14.24.11:894][951]LogModuleManager: Shutting down and abandoning module MessageLog (73)
[2016.02.13-14.24.11:894][951]LogModuleManager: Shutting down and abandoning module Sequencer (72)
[2016.02.13-14.24.11:895][951]LogModuleManager: Shutting down and abandoning module AssetTools (71)
[2016.02.13-14.24.11:895][951]LogModuleManager: Shutting down and abandoning module UMGEditor (70)
[2016.02.13-14.24.11:895][951]LogModuleManager: Shutting down and abandoning module UMG (69)
[2016.02.13-14.24.11:895][951]LogModuleManager: Shutting down and abandoning module Slate (68)
[2016.02.13-14.24.11:895][951]LogModuleManager: Shutting down and abandoning module EditorStyle (67)
[2016.02.13-14.24.11:901][951]LogModuleManager: Shutting down and abandoning module SessionServices (66)
[2016.02.13-14.24.11:901][951]LogModuleManager: Shutting down and abandoning module SourceCodeAccess (65)
[2016.02.13-14.24.11:901][951]LogModuleManager: Shutting down and abandoning module HeadMountedDisplay (64)
[2016.02.13-14.24.11:901][951]LogModuleManager: Shutting down and abandoning module XAudio2 (63)
[2016.02.13-14.24.11:901][951]LogModuleManager: Shutting down and abandoning module Networking (61)
[2016.02.13-14.24.11:901][951]LogModuleManager: Shutting down and abandoning module Core (60)
[2016.02.13-14.24.11:901][951]LogModuleManager: Shutting down and abandoning module KismetCompiler (59)
[2016.02.13-14.24.11:901][951]LogModuleManager: Shutting down and abandoning module PhysXFormats (58)
[2016.02.13-14.24.11:901][951]LogModuleManager: Shutting down and abandoning module MeshUtilities (57)
[2016.02.13-14.24.11:902][951]LogModuleManager: Shutting down and abandoning module DerivedDataCache (56)
[2016.02.13-14.24.11:961][951]LogDerivedDataCache: Shutdown
[2016.02.13-14.24.11:961][951]LogModuleManager: Shutting down and abandoning module ShaderFormatOpenGL (55)
[2016.02.13-14.24.11:961][951]LogModuleManager: Shutting down and abandoning module ShaderFormatD3D (54)
[2016.02.13-14.24.11:962][951]LogModuleManager: Shutting down and abandoning module MetalShaderFormat (53)
[2016.02.13-14.24.11:962][951]LogModuleManager: Shutting down and abandoning module TextureFormatUncompressed (52)
[2016.02.13-14.24.11:962][951]LogModuleManager: Shutting down and abandoning module TextureFormatPVR (51)
[2016.02.13-14.24.11:962][951]LogModuleManager: Shutting down and abandoning module TextureFormatIntelISPCTexComp (50)
[2016.02.13-14.24.11:962][951]LogModuleManager: Shutting down and abandoning module TextureFormatDXT (49)
[2016.02.13-14.24.11:962][951]LogModuleManager: Shutting down and abandoning module ImageWrapper (48)
[2016.02.13-14.24.11:962][951]LogModuleManager: Shutting down and abandoning module TextureFormatASTC (47)
[2016.02.13-14.24.11:962][951]LogModuleManager: Shutting down and abandoning module TextureFormatAndroid (46)
[2016.02.13-14.24.11:962][951]LogModuleManager: Shutting down and abandoning module AudioFormatOpus (45)
[2016.02.13-14.24.11:962][951]LogModuleManager: Shutting down and abandoning module AudioFormatOgg (44)
[2016.02.13-14.24.11:962][951]LogModuleManager: Shutting down and abandoning module AudioFormatADPCM (43)
[2016.02.13-14.24.11:962][951]LogModuleManager: Shutting down and abandoning module LinuxTargetPlatform (42)
[2016.02.13-14.24.11:962][951]LogModuleManager: Shutting down and abandoning module LinuxServerTargetPlatform (41)
[2016.02.13-14.24.11:962][951]LogModuleManager: Shutting down and abandoning module LinuxNoEditorTargetPlatform (40)
[2016.02.13-14.24.11:962][951]LogModuleManager: Shutting down and abandoning module Messaging (39)
[2016.02.13-14.24.11:962][951]LogModuleManager: Shutting down and abandoning module IOSTargetPlatform (38)
[2016.02.13-14.24.11:962][951]LogModuleManager: Shutting down and abandoning module HTML5TargetPlatform (37)
[2016.02.13-14.24.11:962][951]LogModuleManager: Shutting down and abandoning module Android_PVRTCTargetPlatform (36)
[2016.02.13-14.24.11:962][951]LogModuleManager: Shutting down and abandoning module Android_MultiTargetPlatform (35)
[2016.02.13-14.24.11:962][951]LogModuleManager: Shutting down and abandoning module Android_ETC2TargetPlatform (34)
[2016.02.13-14.24.11:962][951]LogModuleManager: Shutting down and abandoning module Android_ETC1TargetPlatform (33)
[2016.02.13-14.24.11:962][951]LogModuleManager: Shutting down and abandoning module Android_DXTTargetPlatform (32)
[2016.02.13-14.24.11:962][951]LogModuleManager: Shutting down and abandoning module Android_ATCTargetPlatform (31)
[2016.02.13-14.24.11:962][951]LogModuleManager: Shutting down and abandoning module Android_ASTCTargetPlatform (30)
[2016.02.13-14.24.11:962][951]LogModuleManager: Shutting down and abandoning module AndroidTargetPlatform (29)
[2016.02.13-14.24.11:962][951]LogModuleManager: Shutting down and abandoning module WindowsTargetPlatform (28)
[2016.02.13-14.24.11:963][951]LogModuleManager: Shutting down and abandoning module WindowsServerTargetPlatform (27)
[2016.02.13-14.24.11:963][951]LogModuleManager: Shutting down and abandoning module WindowsNoEditorTargetPlatform (26)
[2016.02.13-14.24.11:963][951]LogModuleManager: Shutting down and abandoning module WindowsClientTargetPlatform (25)
[2016.02.13-14.24.11:963][951]LogModuleManager: Shutting down and abandoning module AllDesktopTargetPlatform (24)
[2016.02.13-14.24.11:963][951]LogModuleManager: Shutting down and abandoning module TargetPlatform (23)
[2016.02.13-14.24.11:963][951]LogModuleManager: Shutting down and abandoning module InputCore (22)
[2016.02.13-14.24.11:963][951]LogModuleManager: Shutting down and abandoning module Settings (21)
[2016.02.13-14.24.11:963][951]LogModuleManager: Shutting down and abandoning module OnlineSubsystem (19)
[2016.02.13-14.24.11:963][951]LogModuleManager: Shutting down and abandoning module HTTP (18)
[2016.02.13-14.24.13:968][951]LogModuleManager: Shutting down and abandoning module XMPP (17)
[2016.02.13-14.24.13:969][951]LogModuleManager: Shutting down and abandoning module OculusRift (16)
[2016.02.13-14.24.13:969][951]LogModuleManager: Shutting down and abandoning module ExampleDeviceProfileSelector (15)
[2016.02.13-14.24.13:969][951]LogModuleManager: Shutting down and abandoning module TextureCompressor (14)
[2016.02.13-14.24.13:969][951]LogModuleManager: Shutting down and abandoning module ShaderCore (13)
[2016.02.13-14.24.13:969][951]LogModuleManager: Shutting down and abandoning module Landscape (12)
[2016.02.13-14.24.13:969][951]LogModuleManager: Shutting down and abandoning module SlateRHIRenderer (11)
[2016.02.13-14.24.14:005][951]LogModuleManager: Shutting down and abandoning module OpenGLDrv (10)
[2016.02.13-14.24.14:005][951]LogModuleManager: Shutting down and abandoning module D3D11RHI (9)
[2016.02.13-14.24.14:005][951]LogModuleManager: Shutting down and abandoning module AnimGraphRuntime (8)
[2016.02.13-14.24.14:005][951]LogModuleManager: Shutting down and abandoning module Renderer (7)
[2016.02.13-14.24.14:005][951]LogModuleManager: Shutting down and abandoning module Engine (6)
[2016.02.13-14.24.14:005][951]LogModuleManager: Shutting down and abandoning module CoreUObject (5)
[2016.02.13-14.24.14:005][951]LogModuleManager: Shutting down and abandoning module NetworkFile (4)
[2016.02.13-14.24.14:005][951]LogModuleManager: Shutting down and abandoning module StreamingFile (3)
[2016.02.13-14.24.14:005][951]LogModuleManager: Shutting down and abandoning module SandboxFile (2)
[2016.02.13-14.24.14:005][951]LogModuleManager: Shutting down and abandoning module PakFile (1)
[2016.02.13-14.24.14:007][951]LogExit: Exiting.
[2016.02.13-14.24.14:013][951]Log file closed, 02/13/16 23:24:14
